SKU,Product Name,Short Description,Long Description,Action,Sellable,Thumbnail image url,Product page url,Price,Price min,Price max,Currency code,Visibility,Custom attributes,Attributes,Categories,Variant attributes,Full Size Image URL,Review Score,Review Count,Categories ids,Compare At Price,Creation Date
1237011700,FONDO DE PAELLA,FONDO DE PAELLA,FONDO DE PAELLA,insert,1,https://riba.app/imgrs/THUMBS%20500X500/15133.JPG,tabs/detalle-producto/15133,282.000,282.000,282.000,USD,1,,"{""MARCA"":[""ORBE""],""CATEGORIA"":[""Conservas""]}","[""Conservas""]",NULL,https://riba.app/imgrs/THUMBS%20500X500/15133.JPG,0,0,"[""88""]",282.000,2026-05-08 10:00:23
1529219985,MOREYS SALMON SEASONED GRILL,MOREYS SALMON SEASONED GRILL,MOREYS SALMON SEASONED GRILL,insert,1,https://riba.app/imgrs/THUMBS%20500X500/356979.JPG,tabs/detalle-producto/356979,1.454.000,1.454.000,1.454.000,USD,1,,"{""MARCA"":[""SEA PAK""],""CATEGORIA"":[""Pescados""]}","[""Pescados""]",NULL,https://riba.app/imgrs/THUMBS%20500X500/356979.JPG,0,0,"[""103""]",1.454.000,2026-05-08 10:00:23
1529220446,MOREY WILD SALMON SEASONED ,MOREY WILD SALMON SEASONED ,MOREY WILD SALMON SEASONED ,insert,1,https://riba.app/imgrs/THUMBS%20500X500/345888.JPG,tabs/detalle-producto/345888,1.454.000,1.454.000,1.454.000,USD,1,,"{""MARCA"":[""SEA PAK""],""CATEGORIA"":[""Pescados""]}","[""Pescados""]",NULL,https://riba.app/imgrs/THUMBS%20500X500/345888.JPG,0,0,"[""103""]",1.454.000,2026-05-08 10:00:23
1529220461,WILD SALMON SEASONED GRIL ,WILD SALMON SEASONED GRIL ,WILD SALMON SEASONED GRIL ,insert,1,https://riba.app/imgrs/THUMBS%20500X500/345892.JPG,tabs/detalle-producto/345892,2.335.000,2.335.000,2.335.000,USD,1,,"{""MARCA"":[""SEA PAK""],""CATEGORIA"":[""Pescados""]}","[""Pescados""]",NULL,https://riba.app/imgrs/THUMBS%20500X500/345892.JPG,0,0,"[""103""]",2.335.000,2026-05-08 10:00:23
1529220471,WILD SALMON SWEET BOURBON ,WILD SALMON SWEET BOURBON ,WILD SALMON SWEET BOURBON ,insert,1,https://riba.app/imgrs/THUMBS%20500X500/345891.JPG,tabs/detalle-producto/345891,1.454.000,1.454.000,1.454.000,USD,1,,"{""MARCA"":[""SEA PAK""],""CATEGORIA"":[""Pescados""]}","[""Pescados""]",NULL,https://riba.app/imgrs/THUMBS%20500X500/345891.JPG,0,0,"[""103""]",1.454.000,2026-05-08 10:00:23
1529220476,MOREY WILD SALMON HERB ,MOREY WILD SALMON HERB ,MOREY WILD SALMON HERB ,insert,1,https://riba.app/imgrs/THUMBS%20500X500/345890.JPG,tabs/detalle-producto/345890,1.454.000,1.454.000,1.454.000,USD,1,,"{""MARCA"":[""SEA PAK""],""CATEGORIA"":[""Pescados""]}","[""Pescados""]",NULL,https://riba.app/imgrs/THUMBS%20500X500/345890.JPG,0,0,"[""103""]",1.454.000,2026-05-08 10:00:23
1529220709,WILD SALMON STEAKHOUSE,WILD SALMON STEAKHOUSE,WILD SALMON STEAKHOUSE,insert,1,https://riba.app/imgrs/THUMBS%20500X500/345893.JPG,tabs/detalle-producto/345893,2.335.000,2.335.000,2.335.000,USD,1,,"{""MARCA"":[""SEA PAK""],""CATEGORIA"":[""Pescados""]}","[""Pescados""]",NULL,https://riba.app/imgrs/THUMBS%20500X500/345893.JPG,0,0,"[""103""]",2.335.000,2026-05-08 10:00:23
1529220725,MOREY SALMON STEAKHOUSE,MOREY SALMON STEAKHOUSE,MOREY SALMON STEAKHOUSE,insert,1,https://riba.app/imgrs/THUMBS%20500X500/345889.JPG,tabs/detalle-producto/345889,1.454.000,1.454.000,1.454.000,USD,1,,"{""MARCA"":[""SEA PAK""],""CATEGORIA"":[""Pescados""]}","[""Pescados""]",NULL,https://riba.app/imgrs/THUMBS%20500X500/345889.JPG,0,0,"[""103""]",1.454.000,2026-05-08 10:00:23
1529223423,MOREYS TILAPIA SWEET CHILI,MOREYS TILAPIA SWEET CHILI,MOREYS TILAPIA SWEET CHILI,insert,1,https://riba.app/imgrs/THUMBS%20500X500/350542.JPG,tabs/detalle-producto/350542,1.454.000,1.454.000,1.454.000,USD,1,,"{""MARCA"":[""SEA PAK""],""CATEGORIA"":[""Pescados""]}","[""Pescados""]",NULL,https://riba.app/imgrs/THUMBS%20500X500/350542.JPG,0,0,"[""103""]",1.454.000,2026-05-08 10:00:23
2010000006,BEACH CLIFF SARDINES ACEITE,BEACH CLIFF SARDINES ACEITE,BEACH CLIFF SARDINES ACEITE,insert,1,https://riba.app/imgrs/THUMBS%20500X500/27449.JPG,tabs/detalle-producto/27449,220.000,220.000,220.000,USD,1,,"{""MARCA"":[""BEACH CLIFF""],""CATEGORIA"":[""Conservas""]}","[""Conservas""]",NULL,https://riba.app/imgrs/THUMBS%20500X500/27449.JPG,0,0,"[""88""]",220.000,2026-05-08 10:00:23
20290500000,COLA DE LANGOSTINO DELIFISH,COLA DE LANGOSTINO DELIFISH,COLA DE LANGOSTINO DELIFISH,insert,1,https://riba.app/imgrs/THUMBS%20500X500/26423.JPG,tabs/detalle-producto/26423,1.838.000,1.838.000,1.838.000,USD,1,,"{""MARCA"":[""DELI FISH""],""CATEGORIA"":[""Frutos Del Mar""]}","[""Frutos Del Mar""]",NULL,https://riba.app/imgrs/THUMBS%20500X500/26423.JPG,0,0,"[""102""]",1.838.000,2026-05-08 10:00:23
20291000000,CAMARON ROJO CONGELADO DELI F,CAMARON ROJO CONGELADO DELI F,CAMARON ROJO CONGELADO DELI F,insert,1,https://riba.app/imgrs/THUMBS%20500X500/26425.JPG,tabs/detalle-producto/26425,2.450.000,2.450.000,2.450.000,USD,1,,"{""MARCA"":[""DELI FISH""],""CATEGORIA"":[""Frutos Del Mar""]}","[""Frutos Del Mar""]",NULL,https://riba.app/imgrs/THUMBS%20500X500/26425.JPG,0,0,"[""102""]",2.450.000,2026-05-08 10:00:23
20291100000,CAMARON ROJO(DEVENADO),CAMARON ROJO(DEVENADO),CAMARON ROJO(DEVENADO),insert,1,https://riba.app/imgrs/THUMBS%20500X500/26426.JPG,tabs/detalle-producto/26426,2.751.000,2.751.000,2.751.000,USD,1,,"{""MARCA"":[""DELI FISH""],""CATEGORIA"":[""Frutos Del Mar""]}","[""Frutos Del Mar""]",NULL,https://riba.app/imgrs/THUMBS%20500X500/26426.JPG,0,0,"[""102""]",2.751.000,2026-05-08 10:00:23
20291300000,ALMEJAS LIMPIAS DELI FISH,ALMEJAS LIMPIAS DELI FISH,ALMEJAS LIMPIAS DELI FISH,insert,1,https://riba.app/imgrs/THUMBS%20500X500/26428.JPG,tabs/detalle-producto/26428,1.126.000,1.126.000,1.126.000,USD,1,,"{""MARCA"":[""DELI FISH""],""CATEGORIA"":[""Frutos Del Mar""]}","[""Frutos Del Mar""]",NULL,https://riba.app/imgrs/THUMBS%20500X500/26428.JPG,0,0,"[""102""]",1.126.000,2026-05-08 10:00:23
20291400000,CONCHA NEGRA DELI FISH,CONCHA NEGRA DELI FISH,CONCHA NEGRA DELI FISH,insert,1,https://riba.app/imgrs/THUMBS%20500X500/26429.JPG,tabs/detalle-producto/26429,1.625.000,1.625.000,1.625.000,USD,1,,"{""MARCA"":[""DELI FISH""],""CATEGORIA"":[""Frutos Del Mar""]}","[""Frutos Del Mar""]",NULL,https://riba.app/imgrs/THUMBS%20500X500/26429.JPG,0,0,"[""102""]",1.625.000,2026-05-08 10:00:23
20291500000,PULPO EMPACADO,PULPO EMPACADO,PULPO EMPACADO,insert,1,https://riba.app/imgrs/THUMBS%20500X500/26430.JPG,tabs/detalle-producto/26430,1.227.000,1.227.000,1.227.000,USD,1,,"{""MARCA"":[""DELI FISH""],""CATEGORIA"":[""Frutos Del Mar""]}","[""Frutos Del Mar""]",NULL,https://riba.app/imgrs/THUMBS%20500X500/26430.JPG,0,0,"[""102""]",1.227.000,2026-05-08 10:00:23
20291700000,PIQUEO DE MARISCO DELI FISH,PIQUEO DE MARISCO DELI FISH,PIQUEO DE MARISCO DELI FISH,insert,1,https://riba.app/imgrs/THUMBS%20500X500/26432.JPG,tabs/detalle-producto/26432,1.079.000,1.079.000,1.079.000,USD,1,,"{""MARCA"":[""DELI FISH""],""CATEGORIA"":[""Frutos Del Mar""]}","[""Frutos Del Mar""]",NULL,https://riba.app/imgrs/THUMBS%20500X500/26432.JPG,0,0,"[""102""]",1.079.000,2026-05-08 10:00:23
20291900000,FILETE DE CORVINA PORCIONADO,FILETE DE CORVINA PORCIONADO,FILETE DE CORVINA PORCIONADO,insert,1,https://riba.app/imgrs/THUMBS%20500X500/216367.JPG,tabs/detalle-producto/216367,3.005.000,3.005.000,3.005.000,USD,1,,"{""MARCA"":[""DELI FISH""],""CATEGORIA"":[""Pescados""]}","[""Pescados""]",NULL,https://riba.app/imgrs/THUMBS%20500X500/216367.JPG,0,0,"[""103""]",3.005.000,2026-05-08 10:00:23
20292400000,FILETE DE CORVINATA DELI FISH,FILETE DE CORVINATA DELI FISH,FILETE DE CORVINATA DELI FISH,insert,1,https://riba.app/imgrs/THUMBS%20500X500/26437.JPG,tabs/detalle-producto/26437,1.342.000,1.342.000,1.342.000,USD,1,,"{""MARCA"":[""DELI FISH""],""CATEGORIA"":[""Pescados""]}","[""Pescados""]",NULL,https://riba.app/imgrs/THUMBS%20500X500/26437.JPG,0,0,"[""103""]",1.342.000,2026-05-08 10:00:23
20293500000,BASTONES DE CANGREJO (BANDEJA),BASTONES DE CANGREJO (BANDEJA),BASTONES DE CANGREJO (BANDEJA),insert,1,https://riba.app/imgrs/THUMBS%20500X500/26443.JPG,tabs/detalle-producto/26443,906.000,906.000,906.000,USD,1,,"{""MARCA"":[""DELI FISH""],""CATEGORIA"":[""Frutos Del Mar""]}","[""Frutos Del Mar""]",NULL,https://riba.app/imgrs/THUMBS%20500X500/26443.JPG,0,0,"[""102""]",906.000,2026-05-08 10:00:23
20294300000,ANILLOS DE CALAMAR (BANDEJA),ANILLOS DE CALAMAR (BANDEJA),ANILLOS DE CALAMAR (BANDEJA),insert,1,https://riba.app/imgrs/THUMBS%20500X500/26448.JPG,tabs/detalle-producto/26448,1.383.000,1.383.000,1.383.000,USD,1,,"{""MARCA"":[""DELI FISH""],""CATEGORIA"":[""Frutos Del Mar""]}","[""Frutos Del Mar""]",NULL,https://riba.app/imgrs/THUMBS%20500X500/26448.JPG,0,0,"[""102""]",1.383.000,2026-05-08 10:00:23
20295500000,CALAMAR TUBO ,CALAMAR TUBO ,CALAMAR TUBO ,insert,1,https://riba.app/imgrs/THUMBS%20500X500/116951.JPG,tabs/detalle-producto/116951,1.157.000,1.157.000,1.157.000,USD,1,,"{""MARCA"":[""DELI FISH""],""CATEGORIA"":[""Frutos Del Mar""]}","[""Frutos Del Mar""]",NULL,https://riba.app/imgrs/THUMBS%20500X500/116951.JPG,0,0,"[""102""]",1.157.000,2026-05-08 10:00:23
20296800000,FILETE DE TILAPIA ,FILETE DE TILAPIA ,FILETE DE TILAPIA ,insert,1,https://riba.app/imgrs/THUMBS%20500X500/172522.JPG,tabs/detalle-producto/172522,1.115.000,1.115.000,1.115.000,USD,1,,"{""MARCA"":[""DELI FISH""],""CATEGORIA"":[""Pescados""]}","[""Pescados""]",NULL,https://riba.app/imgrs/THUMBS%20500X500/172522.JPG,0,0,"[""103""]",1.115.000,2026-05-08 10:00:23
2130005,COCTEL DE CORVINA  Y MANZANA ,COCTEL DE CORVINA  Y MANZANA ,COCTEL DE CORVINA  Y MANZANA ,insert,1,https://riba.app/imgrs/THUMBS%20500X500/209998.JPG,tabs/detalle-producto/209998,1.920.000,1.920.000,1.920.000,USD,1,,"{""MARCA"":[""RIMITH""],""CATEGORIA"":[""Ceviche""]}","[""Ceviche""]",NULL,https://riba.app/imgrs/THUMBS%20500X500/209998.JPG,0,0,"[""105""]",1.920.000,2026-05-08 10:00:23
2130127,COCTEL DE CORVINA Y MANZANA ,COCTEL DE CORVINA Y MANZANA ,COCTEL DE CORVINA Y MANZANA ,insert,1,https://riba.app/imgrs/THUMBS%20500X500/9180.JPG,tabs/detalle-producto/9180,980.000,980.000,980.000,USD,1,,"{""MARCA"":[""RIMITH""],""CATEGORIA"":[""Ceviche""]}","[""Ceviche""]",NULL,https://riba.app/imgrs/THUMBS%20500X500/9180.JPG,0,0,"[""105""]",980.000,2026-05-08 10:00:23
2130170,COCTEL DE CORVINA Y MANZANA ,COCTEL DE CORVINA Y MANZANA ,COCTEL DE CORVINA Y MANZANA ,insert,1,https://riba.app/imgrs/THUMBS%20500X500/59435.JPG,tabs/detalle-producto/59435,510.000,510.000,510.000,USD,1,,"{""MARCA"":[""RIMITH""],""CATEGORIA"":[""Ceviche""]}","[""Ceviche""]",NULL,https://riba.app/imgrs/THUMBS%20500X500/59435.JPG,0,0,"[""105""]",510.000,2026-05-08 10:00:23
21302000000,LANGOSTINO ENTERO FRESCO GRAND,LANGOSTINO ENTERO FRESCO GRAND,LANGOSTINO ENTERO FRESCO GRAND,insert,1,https://riba.app/imgrs/THUMBS%20500X500/21473.JPG,tabs/detalle-producto/21473,2.163.000,2.163.000,2.163.000,USD,1,,"{""MARCA"":[""MARISCOS""],""CATEGORIA"":[""Frutos Del Mar""]}","[""Frutos Del Mar""]",NULL,https://riba.app/imgrs/THUMBS%20500X500/21473.JPG,0,0,"[""102""]",2.163.000,2026-05-08 10:00:23
21302100000,COLA DE LANGOSTINO FRESCO,COLA DE LANGOSTINO FRESCO,COLA DE LANGOSTINO FRESCO,insert,1,https://riba.app/imgrs/THUMBS%20500X500/21438.JPG,tabs/detalle-producto/21438,2.874.000,2.874.000,2.874.000,USD,1,,"{""MARCA"":[""MARISCOS""],""CATEGORIA"":[""Frutos Del Mar""]}","[""Frutos Del Mar""]",NULL,https://riba.app/imgrs/THUMBS%20500X500/21438.JPG,0,0,"[""102""]",2.874.000,2026-05-08 10:00:23
21302300000,ALMEJAS PELADAS,ALMEJAS PELADAS,ALMEJAS PELADAS,insert,1,https://riba.app/imgrs/THUMBS%20500X500/21442.JPG,tabs/detalle-producto/21442,885.000,885.000,885.000,USD,1,,"{""MARCA"":[""MARISCOS""],""CATEGORIA"":[""Frutos Del Mar""]}","[""Frutos Del Mar""]",NULL,https://riba.app/imgrs/THUMBS%20500X500/21442.JPG,0,0,"[""102""]",885.000,2026-05-08 10:00:23
21302500000,CONCHA NEGRA DELI FISH (SUELTA,CONCHA NEGRA DELI FISH (SUELTA,CONCHA NEGRA DELI FISH (SUELTA,insert,1,https://riba.app/imgrs/THUMBS%20500X500/26463.JPG,tabs/detalle-producto/26463,1.181.000,1.181.000,1.181.000,USD,1,,"{""MARCA"":[""DELI FISH""],""CATEGORIA"":[""Frutos Del Mar""]}","[""Frutos Del Mar""]",NULL,https://riba.app/imgrs/THUMBS%20500X500/26463.JPG,0,0,"[""102""]",1.181.000,2026-05-08 10:00:23
2130288,CEVICHE DE CAMARON ,CEVICHE DE CAMARON ,CEVICHE DE CAMARON ,insert,1,https://riba.app/imgrs/THUMBS%20500X500/342378.JPG,tabs/detalle-producto/342378,400.000,400.000,400.000,USD,1,,"{""MARCA"":[""RIMITH""],""CATEGORIA"":[""Ceviche""]}","[""Ceviche""]",NULL,https://riba.app/imgrs/THUMBS%20500X500/342378.JPG,0,0,"[""105""]",400.000,2026-05-08 10:00:23
2130289,CEVICHE DE CAMARON,CEVICHE DE CAMARON,CEVICHE DE CAMARON,insert,1,https://riba.app/imgrs/THUMBS%20500X500/342379.JPG,tabs/detalle-producto/342379,750.000,750.000,750.000,USD,1,,"{""MARCA"":[""RIMITH""],""CATEGORIA"":[""Ceviche""]}","[""Ceviche""]",NULL,https://riba.app/imgrs/THUMBS%20500X500/342379.JPG,0,0,"[""105""]",750.000,2026-05-08 10:00:23
2130291,COCTEL DE CAMARON ,COCTEL DE CAMARON ,COCTEL DE CAMARON ,insert,1,https://riba.app/imgrs/THUMBS%20500X500/342381.JPG,tabs/detalle-producto/342381,595.000,595.000,595.000,USD,1,,"{""MARCA"":[""RIMITH""],""CATEGORIA"":[""Ceviche""]}","[""Ceviche""]",NULL,https://riba.app/imgrs/THUMBS%20500X500/342381.JPG,0,0,"[""105""]",595.000,2026-05-08 10:00:23
2130292,COCTEL DE CAMARON ,COCTEL DE CAMARON ,COCTEL DE CAMARON ,insert,1,https://riba.app/imgrs/THUMBS%20500X500/342382.JPG,tabs/detalle-producto/342382,1.120.000,1.120.000,1.120.000,USD,1,,"{""MARCA"":[""RIMITH""],""CATEGORIA"":[""Ceviche""]}","[""Ceviche""]",NULL,https://riba.app/imgrs/THUMBS%20500X500/342382.JPG,0,0,"[""105""]",1.120.000,2026-05-08 10:00:23
21303400000,FILETE DE CORVINA MEDIANA SUEL,FILETE DE CORVINA MEDIANA SUEL,FILETE DE CORVINA MEDIANA SUEL,insert,1,https://riba.app/imgrs/THUMBS%20500X500/26464.JPG,tabs/detalle-producto/26464,3.840.000,3.840.000,3.840.000,USD,1,,"{""MARCA"":[""MARISCOS""],""CATEGORIA"":[""Pescados""]}","[""Pescados""]",NULL,https://riba.app/imgrs/THUMBS%20500X500/26464.JPG,0,0,"[""103""]",3.840.000,2026-05-08 10:00:23
21303500000,FILETE DE ROBALO FRESCO,FILETE DE ROBALO FRESCO,FILETE DE ROBALO FRESCO,insert,1,https://riba.app/imgrs/THUMBS%20500X500/26472.JPG,tabs/detalle-producto/26472,3.095.000,3.095.000,3.095.000,USD,1,,"{""MARCA"":[""MARISCOS""],""CATEGORIA"":[""Pescados""]}","[""Pescados""]",NULL,https://riba.app/imgrs/THUMBS%20500X500/26472.JPG,0,0,"[""103""]",3.095.000,2026-05-08 10:00:23
21304000000,FILETE CORVINATA FRESCO,FILETE CORVINATA FRESCO,FILETE CORVINATA FRESCO,insert,1,https://riba.app/imgrs/THUMBS%20500X500/21465.JPG,tabs/detalle-producto/21465,1.273.000,1.273.000,1.273.000,USD,1,,"{""MARCA"":[""MARISCOS""],""CATEGORIA"":[""Pescados""]}","[""Pescados""]",NULL,https://riba.app/imgrs/THUMBS%20500X500/21465.JPG,0,0,"[""103""]",1.273.000,2026-05-08 10:00:23
21304100000,FILETE DE PARGO BLANCO,FILETE DE PARGO BLANCO,FILETE DE PARGO BLANCO,insert,1,https://riba.app/imgrs/THUMBS%20500X500/26476.JPG,tabs/detalle-producto/26476,2.136.000,2.136.000,2.136.000,USD,1,,"{""MARCA"":[""MARISCOS""],""CATEGORIA"":[""Pescados""]}","[""Pescados""]",NULL,https://riba.app/imgrs/THUMBS%20500X500/26476.JPG,0,0,"[""103""]",2.136.000,2026-05-08 10:00:23
21304200000,FILETE PARGO ROJO FRESCO,FILETE PARGO ROJO FRESCO,FILETE PARGO ROJO FRESCO,insert,1,https://riba.app/imgrs/THUMBS%20500X500/29223.JPG,tabs/detalle-producto/29223,2.835.000,2.835.000,2.835.000,USD,1,,"{""MARCA"":[""MARISCOS""],""CATEGORIA"":[""Pescados""]}","[""Pescados""]",NULL,https://riba.app/imgrs/THUMBS%20500X500/29223.JPG,0,0,"[""103""]",2.835.000,2026-05-08 10:00:23
21304800000,FILETE DE CORVINA CHICA FRESCA,FILETE DE CORVINA CHICA FRESCA,FILETE DE CORVINA CHICA FRESCA,insert,1,https://riba.app/imgrs/THUMBS%20500X500/29229.JPG,tabs/detalle-producto/29229,3.365.000,3.365.000,3.365.000,USD,1,,"{""MARCA"":[""MARISCOS""],""CATEGORIA"":[""Pescados""]}","[""Pescados""]",NULL,https://riba.app/imgrs/THUMBS%20500X500/29229.JPG,0,0,"[""103""]",3.365.000,2026-05-08 10:00:23
21305900000,SALMON EN RODAJAS,SALMON EN RODAJAS,SALMON EN RODAJAS,insert,1,https://riba.app/imgrs/THUMBS%20500X500/24996.JPG,tabs/detalle-producto/24996,2.127.000,2.127.000,2.127.000,USD,1,,"{""MARCA"":[""GOURMAR""],""CATEGORIA"":[""Pescados""]}","[""Pescados""]",NULL,https://riba.app/imgrs/THUMBS%20500X500/24996.JPG,0,0,"[""103""]",2.127.000,2026-05-08 10:00:23
21306900000,SALMON FILETE CONGELADO,SALMON FILETE CONGELADO,SALMON FILETE CONGELADO,insert,1,https://riba.app/imgrs/THUMBS%20500X500/48980.JPG,tabs/detalle-producto/48980,2.911.000,2.911.000,2.911.000,USD,1,,"{""MARCA"":[""GOURMAR""],""CATEGORIA"":[""Pescados""]}","[""Pescados""]",NULL,https://riba.app/imgrs/THUMBS%20500X500/48980.JPG,0,0,"[""103""]",2.911.000,2026-05-08 10:00:23
21307500000,CAMARON ROJO PELADO DEVENADO ,CAMARON ROJO PELADO DEVENADO ,CAMARON ROJO PELADO DEVENADO ,insert,1,https://riba.app/imgrs/THUMBS%20500X500/26466.JPG,tabs/detalle-producto/26466,2.104.000,2.104.000,2.104.000,USD,1,,"{""MARCA"":[""MARISCOS""],""CATEGORIA"":[""Frutos Del Mar""]}","[""Frutos Del Mar""]",NULL,https://riba.app/imgrs/THUMBS%20500X500/26466.JPG,0,0,"[""102""]",2.104.000,2026-05-08 10:00:23
21309200000,BASTONES DE CANGREJO,BASTONES DE CANGREJO,BASTONES DE CANGREJO,insert,1,https://riba.app/imgrs/THUMBS%20500X500/26471.JPG,tabs/detalle-producto/26471,585.000,585.000,585.000,USD,1,,"{""MARCA"":[""MARISCOS""],""CATEGORIA"":[""Frutos Del Mar""]}","[""Frutos Del Mar""]",NULL,https://riba.app/imgrs/THUMBS%20500X500/26471.JPG,0,0,"[""102""]",585.000,2026-05-08 10:00:23
21309700000,CALAMAR EN TUBO,CALAMAR EN TUBO,CALAMAR EN TUBO,insert,1,https://riba.app/imgrs/THUMBS%20500X500/26468.JPG,tabs/detalle-producto/26468,1.123.000,1.123.000,1.123.000,USD,1,,"{""MARCA"":[""MARISCOS""],""CATEGORIA"":[""Frutos Del Mar""]}","[""Frutos Del Mar""]",NULL,https://riba.app/imgrs/THUMBS%20500X500/26468.JPG,0,0,"[""102""]",1.123.000,2026-05-08 10:00:23
21310800000,CAMARON ROJO FRESCO,CAMARON ROJO FRESCO,CAMARON ROJO FRESCO,insert,1,https://riba.app/imgrs/THUMBS%20500X500/21436.JPG,tabs/detalle-producto/21436,1.658.000,1.658.000,1.658.000,USD,1,,"{""MARCA"":[""MARISCOS""],""CATEGORIA"":[""Frutos Del Mar""]}","[""Frutos Del Mar""]",NULL,https://riba.app/imgrs/THUMBS%20500X500/21436.JPG,0,0,"[""102""]",1.658.000,2026-05-08 10:00:23
21312500000,MARISCOS MIXTO,MARISCOS MIXTO,MARISCOS MIXTO,insert,1,https://riba.app/imgrs/THUMBS%20500X500/3691.JPG,tabs/detalle-producto/3691,823.000,823.000,823.000,USD,1,,"{""MARCA"":[""MARISCOS""],""CATEGORIA"":[""Frutos Del Mar""]}","[""Frutos Del Mar""]",NULL,https://riba.app/imgrs/THUMBS%20500X500/3691.JPG,0,0,"[""102""]",823.000,2026-05-08 10:00:23
21313600000,PULPO ENTERO,PULPO ENTERO,PULPO ENTERO,insert,1,https://riba.app/imgrs/THUMBS%20500X500/26478.JPG,tabs/detalle-producto/26478,2.042.000,2.042.000,2.042.000,USD,1,,"{""MARCA"":[""MARISCOS""],""CATEGORIA"":[""Frutos Del Mar""]}","[""Frutos Del Mar""]",NULL,https://riba.app/imgrs/THUMBS%20500X500/26478.JPG,0,0,"[""102""]",2.042.000,2026-05-08 10:00:23
21324500000,FILETE DE DORADO,FILETE DE DORADO,FILETE DE DORADO,insert,1,https://riba.app/imgrs/THUMBS%20500X500/106784.JPG,tabs/detalle-producto/106784,1.587.000,1.587.000,1.587.000,USD,1,,"{""MARCA"":[""MARISCOS""],""CATEGORIA"":[""Pescados""]}","[""Pescados""]",NULL,https://riba.app/imgrs/THUMBS%20500X500/106784.JPG,0,0,"[""103""]",1.587.000,2026-05-08 10:00:23
21325000000,PULPO PICADO ,PULPO PICADO ,PULPO PICADO ,insert,1,https://riba.app/imgrs/THUMBS%20500X500/111132.JPG,tabs/detalle-producto/111132,1.074.000,1.074.000,1.074.000,USD,1,,"{""MARCA"":[""DELI FISH""],""CATEGORIA"":[""Frutos Del Mar""]}","[""Frutos Del Mar""]",NULL,https://riba.app/imgrs/THUMBS%20500X500/111132.JPG,0,0,"[""102""]",1.074.000,2026-05-08 10:00:23
21325100000,ANILLOS DE CALAMAR,ANILLOS DE CALAMAR,ANILLOS DE CALAMAR,insert,1,https://riba.app/imgrs/THUMBS%20500X500/111625.JPG,tabs/detalle-producto/111625,1.182.000,1.182.000,1.182.000,USD,1,,"{""MARCA"":[""MARISCOS""],""CATEGORIA"":[""Frutos Del Mar""]}","[""Frutos Del Mar""]",NULL,https://riba.app/imgrs/THUMBS%20500X500/111625.JPG,0,0,"[""102""]",1.182.000,2026-05-08 10:00:23
21325900000,COLA DE CAMARON LARGE CASCARA ,COLA DE CAMARON LARGE CASCARA ,COLA DE CAMARON LARGE CASCARA ,insert,1,https://riba.app/imgrs/THUMBS%20500X500/114919.JPG,tabs/detalle-producto/114919,1.860.000,1.860.000,1.860.000,USD,1,,"{""MARCA"":[""MARISCOS""],""CATEGORIA"":[""Frutos Del Mar""]}","[""Frutos Del Mar""]",NULL,https://riba.app/imgrs/THUMBS%20500X500/114919.JPG,0,0,"[""102""]",1.860.000,2026-05-08 10:00:23
21331900000,FILETE DE TILAPIA FRESCO,FILETE DE TILAPIA FRESCO,FILETE DE TILAPIA FRESCO,insert,1,https://riba.app/imgrs/THUMBS%20500X500/177292.JPG,tabs/detalle-producto/177292,1.013.000,1.013.000,1.013.000,USD,1,,"{""MARCA"":[""MARISCOS""],""CATEGORIA"":[""Pescados""]}","[""Pescados""]",NULL,https://riba.app/imgrs/THUMBS%20500X500/177292.JPG,0,0,"[""103""]",1.013.000,2026-05-08 10:00:23
21335300000,LOMO DE ATUN,LOMO DE ATUN,LOMO DE ATUN,insert,1,https://riba.app/imgrs/THUMBS%20500X500/221473.JPG,tabs/detalle-producto/221473,2.441.000,2.441.000,2.441.000,USD,1,,"{""MARCA"":[""MARISCOS""],""CATEGORIA"":[""Pescados""]}","[""Pescados""]",NULL,https://riba.app/imgrs/THUMBS%20500X500/221473.JPG,0,0,"[""103""]",2.441.000,2026-05-08 10:00:23
21336400000,LANGOSTA ROJA VIVA,LANGOSTA ROJA VIVA,LANGOSTA ROJA VIVA,insert,1,https://riba.app/imgrs/THUMBS%20500X500/280498.JPG,tabs/detalle-producto/280498,3.587.000,3.587.000,3.587.000,USD,1,,"{""MARCA"":[""MARISCOS""],""CATEGORIA"":[""Frutos Del Mar""]}","[""Frutos Del Mar""]",NULL,https://riba.app/imgrs/THUMBS%20500X500/280498.JPG,0,0,"[""102""]",3.587.000,2026-05-08 10:00:23
21337300000,BACALAO LARGE BONED,BACALAO LARGE BONED,BACALAO LARGE BONED,insert,1,https://riba.app/imgrs/THUMBS%20500X500/322395.JPG,tabs/detalle-producto/322395,3.345.000,3.345.000,3.345.000,USD,1,,"{""MARCA"":[""MARISCOS""],""CATEGORIA"":[""Pescados""]}","[""Pescados""]",NULL,https://riba.app/imgrs/THUMBS%20500X500/322395.JPG,0,0,"[""103""]",3.345.000,2026-05-08 10:00:23
21337600000,ATUN EN COSTRA DE ESPECIAS,ATUN EN COSTRA DE ESPECIAS,ATUN EN COSTRA DE ESPECIAS,insert,1,https://riba.app/imgrs/THUMBS%20500X500/328472.JPG,tabs/detalle-producto/328472,3.240.000,3.240.000,3.240.000,USD,1,,"{""MARCA"":[""GOURMAR""],""CATEGORIA"":[""Pescados""]}","[""Pescados""]",NULL,https://riba.app/imgrs/THUMBS%20500X500/328472.JPG,0,0,"[""103""]",3.240.000,2026-05-08 10:00:23
2140496,CANELONES DE TUNA CHICO ,CANELONES DE TUNA CHICO ,CANELONES DE TUNA CHICO ,insert,1,https://riba.app/imgrs/THUMBS%20500X500/113377.JPG,tabs/detalle-producto/113377,1.250.000,1.250.000,1.250.000,USD,1,,"{""MARCA"":[""RIMITH""],""CATEGORIA"":[""Comidas Preparadas""]}","[""Comidas Preparadas""]",NULL,https://riba.app/imgrs/THUMBS%20500X500/113377.JPG,0,0,"[""91""]",1.250.000,2026-05-08 10:00:23
2140497,LASAGNA DE MARISCOS HORNEADA,LASAGNA DE MARISCOS HORNEADA,LASAGNA DE MARISCOS HORNEADA,insert,1,https://riba.app/imgrs/THUMBS%20500X500/124926.JPG,tabs/detalle-producto/124926,1.510.000,1.510.000,1.510.000,USD,1,,"{""MARCA"":[""RIMITH""],""CATEGORIA"":[""Comidas Preparadas""]}","[""Comidas Preparadas""]",NULL,https://riba.app/imgrs/THUMBS%20500X500/124926.JPG,0,0,"[""91""]",1.510.000,2026-05-08 10:00:23
2140498,LASAGNA DE TUNA HORNEADA,LASAGNA DE TUNA HORNEADA,LASAGNA DE TUNA HORNEADA,insert,1,https://riba.app/imgrs/THUMBS%20500X500/114091.JPG,tabs/detalle-producto/114091,1.495.000,1.495.000,1.495.000,USD,1,,"{""MARCA"":[""RIMITH""],""CATEGORIA"":[""Comidas Preparadas""]}","[""Comidas Preparadas""]",NULL,https://riba.app/imgrs/THUMBS%20500X500/114091.JPG,0,0,"[""91""]",1.495.000,2026-05-08 10:00:23
2140501,PASTEL DE CAMARON MINI ,PASTEL DE CAMARON MINI ,PASTEL DE CAMARON MINI ,insert,1,https://riba.app/imgrs/THUMBS%20500X500/136738.JPG,tabs/detalle-producto/136738,395.000,395.000,395.000,USD,1,,"{""MARCA"":[""RIMITH""],""CATEGORIA"":[""Comidas Preparadas""]}","[""Comidas Preparadas""]",NULL,https://riba.app/imgrs/THUMBS%20500X500/136738.JPG,0,0,"[""91""]",395.000,2026-05-08 10:00:23
2140502,PASTEL DE TUNA HORNEADO ,PASTEL DE TUNA HORNEADO ,PASTEL DE TUNA HORNEADO ,insert,1,https://riba.app/imgrs/THUMBS%20500X500/113737.JPG,tabs/detalle-producto/113737,1.090.000,1.090.000,1.090.000,USD,1,,"{""MARCA"":[""RIMITH""],""CATEGORIA"":[""Comidas Preparadas""]}","[""Comidas Preparadas""]",NULL,https://riba.app/imgrs/THUMBS%20500X500/113737.JPG,0,0,"[""91""]",1.090.000,2026-05-08 10:00:23
2140575,LASAGNA DE TUNA MINI HORNEADA,LASAGNA DE TUNA MINI HORNEADA,LASAGNA DE TUNA MINI HORNEADA,insert,1,https://riba.app/imgrs/THUMBS%20500X500/261974.JPG,tabs/detalle-producto/261974,675.000,675.000,675.000,USD,1,,"{""MARCA"":[""RIMITH""],""CATEGORIA"":[""Comidas Preparadas""]}","[""Comidas Preparadas""]",NULL,https://riba.app/imgrs/THUMBS%20500X500/261974.JPG,0,0,"[""91""]",675.000,2026-05-08 10:00:23
2140576,LASAGNA DE MARISCOS MINI HORNE,LASAGNA DE MARISCOS MINI HORNE,LASAGNA DE MARISCOS MINI HORNE,insert,1,https://riba.app/imgrs/THUMBS%20500X500/261975.JPG,tabs/detalle-producto/261975,755.000,755.000,755.000,USD,1,,"{""MARCA"":[""RIMITH""],""CATEGORIA"":[""Comidas Preparadas""]}","[""Comidas Preparadas""]",NULL,https://riba.app/imgrs/THUMBS%20500X500/261975.JPG,0,0,"[""91""]",755.000,2026-05-08 10:00:23
2140578,CHUPE DE CAMARONES MINI,CHUPE DE CAMARONES MINI,CHUPE DE CAMARONES MINI,insert,1,https://riba.app/imgrs/THUMBS%20500X500/262472.JPG,tabs/detalle-producto/262472,485.000,485.000,485.000,USD,1,,"{""MARCA"":[""RIMITH""],""CATEGORIA"":[""Comidas Preparadas""]}","[""Comidas Preparadas""]",NULL,https://riba.app/imgrs/THUMBS%20500X500/262472.JPG,0,0,"[""91""]",485.000,2026-05-08 10:00:23
2857100043,SARDINA EN SALSA DE TOMATE,SARDINA EN SALSA DE TOMATE,SARDINA EN SALSA DE TOMATE,insert,1,https://riba.app/imgrs/THUMBS%20500X500/125436.JPG,tabs/detalle-producto/125436,247.000,247.000,247.000,USD,1,,"{""MARCA"":[""LA SIRENA""],""CATEGORIA"":[""Conservas""]}","[""Conservas""]",NULL,https://riba.app/imgrs/THUMBS%20500X500/125436.JPG,0,0,"[""88""]",247.000,2026-05-08 10:00:23
2857100050,SARDINA LA SIRENA PICANTE OVAL,SARDINA LA SIRENA PICANTE OVAL,SARDINA LA SIRENA PICANTE OVAL,insert,1,https://riba.app/imgrs/THUMBS%20500X500/272150.JPG,tabs/detalle-producto/272150,248.000,248.000,248.000,USD,1,,"{""MARCA"":[""LA SIRENA""],""CATEGORIA"":[""Conservas""]}","[""Conservas""]",NULL,https://riba.app/imgrs/THUMBS%20500X500/272150.JPG,0,0,"[""88""]",248.000,2026-05-08 10:00:23
2857100054,SARDINA SALSA TOMATE OVALADA,SARDINA SALSA TOMATE OVALADA,SARDINA SALSA TOMATE OVALADA,insert,1,https://riba.app/imgrs/THUMBS%20500X500/272151.JPG,tabs/detalle-producto/272151,246.000,246.000,246.000,USD,1,,"{""MARCA"":[""LA SIRENA""],""CATEGORIA"":[""Conservas""]}","[""Conservas""]",NULL,https://riba.app/imgrs/THUMBS%20500X500/272151.JPG,0,0,"[""88""]",246.000,2026-05-08 10:00:23
2857100060,SARDINA EN SALSA PICANTE,SARDINA EN SALSA PICANTE,SARDINA EN SALSA PICANTE,insert,1,https://riba.app/imgrs/THUMBS%20500X500/125438.JPG,tabs/detalle-producto/125438,247.000,247.000,247.000,USD,1,,"{""MARCA"":[""LA SIRENA""],""CATEGORIA"":[""Conservas""]}","[""Conservas""]",NULL,https://riba.app/imgrs/THUMBS%20500X500/125438.JPG,0,0,"[""88""]",247.000,2026-05-08 10:00:23
2857100068,SARDINA EN SALSA DE TOMATE,SARDINA EN SALSA DE TOMATE,SARDINA EN SALSA DE TOMATE,insert,1,https://riba.app/imgrs/THUMBS%20500X500/125432.JPG,tabs/detalle-producto/125432,98.000,98.000,98.000,USD,1,,"{""MARCA"":[""LA SIRENA""],""CATEGORIA"":[""Conservas""]}","[""Conservas""]",NULL,https://riba.app/imgrs/THUMBS%20500X500/125432.JPG,0,0,"[""88""]",98.000,2026-05-08 10:00:23
2857100069,SARDINA EN SALSA PICANTE,SARDINA EN SALSA PICANTE,SARDINA EN SALSA PICANTE,insert,1,https://riba.app/imgrs/THUMBS%20500X500/125433.JPG,tabs/detalle-producto/125433,99.000,99.000,99.000,USD,1,,"{""MARCA"":[""LA SIRENA""],""CATEGORIA"":[""Conservas""]}","[""Conservas""]",NULL,https://riba.app/imgrs/THUMBS%20500X500/125433.JPG,0,0,"[""88""]",99.000,2026-05-08 10:00:23
2857101034,SARDINA EN ACEITE PICANTE,SARDINA EN ACEITE PICANTE,SARDINA EN ACEITE PICANTE,insert,1,https://riba.app/imgrs/THUMBS%20500X500/337157.JPG,tabs/detalle-producto/337157,178.000,178.000,178.000,USD,1,,"{""MARCA"":[""LA SIRENA""],""CATEGORIA"":[""Conservas""]}","[""Conservas""]",NULL,https://riba.app/imgrs/THUMBS%20500X500/337157.JPG,0,0,"[""88""]",178.000,2026-05-08 10:00:23
2857101035,SARDINA EN ACEITE AHUMADO,SARDINA EN ACEITE AHUMADO,SARDINA EN ACEITE AHUMADO,insert,1,https://riba.app/imgrs/THUMBS%20500X500/337159.JPG,tabs/detalle-producto/337159,178.000,178.000,178.000,USD,1,,"{""MARCA"":[""LA SIRENA""],""CATEGORIA"":[""Conservas""]}","[""Conservas""]",NULL,https://riba.app/imgrs/THUMBS%20500X500/337159.JPG,0,0,"[""88""]",178.000,2026-05-08 10:00:23
2857101037,SARDINAS EN ACEITE OLIVA,SARDINAS EN ACEITE OLIVA,SARDINAS EN ACEITE OLIVA,insert,1,https://riba.app/imgrs/THUMBS%20500X500/347284.JPG,tabs/detalle-producto/347284,177.000,177.000,177.000,USD,1,,"{""MARCA"":[""LA SIRENA""],""CATEGORIA"":[""Conservas""]}","[""Conservas""]",NULL,https://riba.app/imgrs/THUMBS%20500X500/347284.JPG,0,0,"[""88""]",177.000,2026-05-08 10:00:23
2857101184,ATUN ACEITE LA SIRENA,ATUN ACEITE LA SIRENA,ATUN ACEITE LA SIRENA,insert,1,https://riba.app/imgrs/THUMBS%20500X500/226025.JPG,tabs/detalle-producto/226025,186.000,186.000,186.000,USD,1,,"{""MARCA"":[""LA SIRENA""],""CATEGORIA"":[""Conservas""]}","[""Conservas""]",NULL,https://riba.app/imgrs/THUMBS%20500X500/226025.JPG,0,0,"[""88""]",186.000,2026-05-08 10:00:23
2857101185,ATUN AGUA,ATUN AGUA,ATUN AGUA,insert,1,https://riba.app/imgrs/THUMBS%20500X500/226024.JPG,tabs/detalle-producto/226024,186.000,186.000,186.000,USD,1,,"{""MARCA"":[""LA SIRENA""],""CATEGORIA"":[""Conservas""]}","[""Conservas""]",NULL,https://riba.app/imgrs/THUMBS%20500X500/226024.JPG,0,0,"[""88""]",186.000,2026-05-08 10:00:23
2857101216,ATUN CON VEGETALES LA SIRENA,ATUN CON VEGETALES LA SIRENA,ATUN CON VEGETALES LA SIRENA,insert,1,https://riba.app/imgrs/THUMBS%20500X500/315452.JPG,tabs/detalle-producto/315452,186.000,186.000,186.000,USD,1,,"{""MARCA"":[""LA SIRENA""],""CATEGORIA"":[""Conservas""]}","[""Conservas""]",NULL,https://riba.app/imgrs/THUMBS%20500X500/315452.JPG,0,0,"[""88""]",186.000,2026-05-08 10:00:23
2857101260,ATUN CON MAIZ LA SIRENA,ATUN CON MAIZ LA SIRENA,ATUN CON MAIZ LA SIRENA,insert,1,https://riba.app/imgrs/THUMBS%20500X500/347279.JPG,tabs/detalle-producto/347279,186.000,186.000,186.000,USD,1,,"{""MARCA"":[""LA SIRENA""],""CATEGORIA"":[""Conservas""]}","[""Conservas""]",NULL,https://riba.app/imgrs/THUMBS%20500X500/347279.JPG,0,0,"[""88""]",186.000,2026-05-08 10:00:23
2857101261,ATUN CON JALAPENO LA SIRENA,ATUN CON JALAPENO LA SIRENA,ATUN CON JALAPENO LA SIRENA,insert,1,https://riba.app/imgrs/THUMBS%20500X500/347283.JPG,tabs/detalle-producto/347283,186.000,186.000,186.000,USD,1,,"{""MARCA"":[""LA SIRENA""],""CATEGORIA"":[""Conservas""]}","[""Conservas""]",NULL,https://riba.app/imgrs/THUMBS%20500X500/347283.JPG,0,0,"[""88""]",186.000,2026-05-08 10:00:23
29041000000,ATUN ROJO STEAK 7-9 OZ,ATUN ROJO STEAK 7-9 OZ,ATUN ROJO STEAK 7-9 OZ,insert,1,https://riba.app/imgrs/THUMBS%20500X500/163249.JPG,tabs/detalle-producto/163249,3.660.000,3.660.000,3.660.000,USD,1,,"{""MARCA"":[""GOURMAR""],""CATEGORIA"":[""Pescados""]}","[""Pescados""]",NULL,https://riba.app/imgrs/THUMBS%20500X500/163249.JPG,0,0,"[""103""]",3.660.000,2026-05-08 10:00:23
2971409530,ORCABAY ALASKA COD PORTIONS,ORCABAY ALASKA COD PORTIONS,ORCABAY ALASKA COD PORTIONS,insert,1,https://riba.app/imgrs/THUMBS%20500X500/227622.JPG,tabs/detalle-producto/227622,4.685.000,4.685.000,4.685.000,USD,1,,"{""MARCA"":[""ORCABAY""],""CATEGORIA"":[""Pescados""]}","[""Pescados""]",NULL,https://riba.app/imgrs/THUMBS%20500X500/227622.JPG,0,0,"[""103""]",4.685.000,2026-05-08 10:00:23
2971417070,ORCA BAY FISH FILLET SALMON ,ORCA BAY FISH FILLET SALMON ,ORCA BAY FISH FILLET SALMON ,insert,1,https://riba.app/imgrs/THUMBS%20500X500/211976.JPG,tabs/detalle-producto/211976,1.675.000,1.675.000,1.675.000,USD,1,,"{""MARCA"":[""ORCABAY""],""CATEGORIA"":[""Pescados""]}","[""Pescados""]",NULL,https://riba.app/imgrs/THUMBS%20500X500/211976.JPG,0,0,"[""103""]",1.675.000,2026-05-08 10:00:23
2971417110,ORCABAY KETA SALMON FILLET,ORCABAY KETA SALMON FILLET,ORCABAY KETA SALMON FILLET,insert,1,https://riba.app/imgrs/THUMBS%20500X500/287228.JPG,tabs/detalle-producto/287228,1.095.000,1.095.000,1.095.000,USD,1,,"{""MARCA"":[""ORCABAY""],""CATEGORIA"":[""Pescados""]}","[""Pescados""]",NULL,https://riba.app/imgrs/THUMBS%20500X500/287228.JPG,0,0,"[""103""]",1.095.000,2026-05-08 10:00:23
2971417140,ORCA BAY HALIBUT PORTIONS,ORCA BAY HALIBUT PORTIONS,ORCA BAY HALIBUT PORTIONS,insert,1,https://riba.app/imgrs/THUMBS%20500X500/284248.JPG,tabs/detalle-producto/284248,3.572.000,3.572.000,3.572.000,USD,1,,"{""MARCA"":[""ORCABAY""],""CATEGORIA"":[""Pescados""]}","[""Pescados""]",NULL,https://riba.app/imgrs/THUMBS%20500X500/284248.JPG,0,0,"[""103""]",3.572.000,2026-05-08 10:00:23
2971484533,WILD SOCKEYE SALMON FILLET,WILD SOCKEYE SALMON FILLET,WILD SOCKEYE SALMON FILLET,insert,1,https://riba.app/imgrs/THUMBS%20500X500/312002.JPG,tabs/detalle-producto/312002,3.120.000,3.120.000,3.120.000,USD,1,,"{""MARCA"":[""ORCABAY""],""CATEGORIA"":[""Pescados""]}","[""Pescados""]",NULL,https://riba.app/imgrs/THUMBS%20500X500/312002.JPG,0,0,"[""103""]",3.120.000,2026-05-08 10:00:23
3549388395,SHRIMP BUFFALO STYLE,SHRIMP BUFFALO STYLE,SHRIMP BUFFALO STYLE,insert,1,https://riba.app/imgrs/THUMBS%20500X500/339168.JPG,tabs/detalle-producto/339168,2.735.000,2.735.000,2.735.000,USD,1,,"{""MARCA"":[""OVENCRUNCH""],""CATEGORIA"":[""Comidas Preparadas""]}","[""Comidas Preparadas""]",NULL,https://riba.app/imgrs/THUMBS%20500X500/339168.JPG,0,0,"[""91""]",2.735.000,2026-05-08 10:00:23
3736398649,MANGL SHRIMP SCAMPI,MANGL SHRIMP SCAMPI,MANGL SHRIMP SCAMPI,insert,1,https://riba.app/imgrs/THUMBS%20500X500/251505.JPG,tabs/detalle-producto/251505,695.000,695.000,695.000,USD,1,,"{""MARCA"":[""MICHAEL ANGELO S""],""CATEGORIA"":[""Frutos Del Mar""]}","[""Frutos Del Mar""]",NULL,https://riba.app/imgrs/THUMBS%20500X500/251505.JPG,0,0,"[""102""]",695.000,2026-05-08 10:00:23
4122418220,ANCHOVIES FLAT 25 2 ONZ ,ANCHOVIES FLAT 25 2 ONZ ,ANCHOVIES FLAT 25 2 ONZ ,insert,1,https://riba.app/imgrs/THUMBS%20500X500/15202.JPG,tabs/detalle-producto/15202,285.000,285.000,285.000,USD,1,,"{""MARCA"":[""ROLAND""],""CATEGORIA"":[""Conservas""]}","[""Conservas""]",NULL,https://riba.app/imgrs/THUMBS%20500X500/15202.JPG,0,0,"[""88""]",285.000,2026-05-08 10:00:23
4122418224,ANCHOVIES ROLLED ROLAND 2 OZ,ANCHOVIES ROLLED ROLAND 2 OZ,ANCHOVIES ROLLED ROLAND 2 OZ,insert,1,https://riba.app/imgrs/THUMBS%20500X500/15074.JPG,tabs/detalle-producto/15074,322.000,322.000,322.000,USD,1,,"{""MARCA"":[""ROLAND""],""CATEGORIA"":[""Conservas""]}","[""Conservas""]",NULL,https://riba.app/imgrs/THUMBS%20500X500/15074.JPG,0,0,"[""88""]",322.000,2026-05-08 10:00:23
4122418310,PASTA DE ANCHOAS,PASTA DE ANCHOAS,PASTA DE ANCHOAS,insert,1,https://riba.app/imgrs/THUMBS%20500X500/15331.JPG,tabs/detalle-producto/15331,284.000,284.000,284.000,USD,1,,"{""MARCA"":[""ROLAND""],""CATEGORIA"":[""Conservas""]}","[""Conservas""]",NULL,https://riba.app/imgrs/THUMBS%20500X500/15331.JPG,0,0,"[""88""]",284.000,2026-05-08 10:00:23
4132210900,SEA PAK JUMBO BF SHRIMP,SEA PAK JUMBO BF SHRIMP,SEA PAK JUMBO BF SHRIMP,insert,1,https://riba.app/imgrs/THUMBS%20500X500/297875.JPG,tabs/detalle-producto/297875,1.466.000,1.466.000,1.466.000,USD,1,,"{""MARCA"":[""SEA PAK""],""CATEGORIA"":[""Comidas Preparadas""]}","[""Comidas Preparadas""]",NULL,https://riba.app/imgrs/THUMBS%20500X500/297875.JPG,0,0,"[""91""]",1.466.000,2026-05-08 10:00:23
4132210906,CLAM STRIPS,CLAM STRIPS,CLAM STRIPS,insert,1,https://riba.app/imgrs/THUMBS%20500X500/345887.JPG,tabs/detalle-producto/345887,1.578.000,1.578.000,1.578.000,USD,1,,"{""MARCA"":[""SEA PAK""],""CATEGORIA"":[""Comidas Preparadas""]}","[""Comidas Preparadas""]",NULL,https://riba.app/imgrs/THUMBS%20500X500/345887.JPG,0,0,"[""91""]",1.578.000,2026-05-08 10:00:23
4132210910,SEAPAK JUMBO COCONUT SHRIMP,SEAPAK JUMBO COCONUT SHRIMP,SEAPAK JUMBO COCONUT SHRIMP,insert,1,https://riba.app/imgrs/THUMBS%20500X500/297421.JPG,tabs/detalle-producto/297421,1.466.000,1.466.000,1.466.000,USD,1,,"{""MARCA"":[""SEA PAK""],""CATEGORIA"":[""Comidas Preparadas""]}","[""Comidas Preparadas""]",NULL,https://riba.app/imgrs/THUMBS%20500X500/297421.JPG,0,0,"[""91""]",1.466.000,2026-05-08 10:00:23
4132210930,SEAPAK TEMPURA SHRIMP W SAUCE,SEAPAK TEMPURA SHRIMP W SAUCE,SEAPAK TEMPURA SHRIMP W SAUCE,insert,1,https://riba.app/imgrs/THUMBS%20500X500/297419.JPG,tabs/detalle-producto/297419,1.598.000,1.598.000,1.598.000,USD,1,,"{""MARCA"":[""SEA PAK""],""CATEGORIA"":[""Comidas Preparadas""]}","[""Comidas Preparadas""]",NULL,https://riba.app/imgrs/THUMBS%20500X500/297419.JPG,0,0,"[""91""]",1.598.000,2026-05-08 10:00:23
4132218231,LOBSTER & SHRIMP,LOBSTER & SHRIMP,LOBSTER & SHRIMP,insert,1,https://riba.app/imgrs/THUMBS%20500X500/345879.JPG,tabs/detalle-producto/345879,1.347.000,1.347.000,1.347.000,USD,1,,"{""MARCA"":[""SEA PAK""],""CATEGORIA"":[""Comidas Preparadas""]}","[""Comidas Preparadas""]",NULL,https://riba.app/imgrs/THUMBS%20500X500/345879.JPG,0,0,"[""91""]",1.347.000,2026-05-08 10:00:23
4132221182,SEAPAK SOUTHERN STYLE SHRIMP,SEAPAK SOUTHERN STYLE SHRIMP,SEAPAK SOUTHERN STYLE SHRIMP,insert,1,https://riba.app/imgrs/THUMBS%20500X500/345880.JPG,tabs/detalle-producto/345880,1.455.000,1.455.000,1.455.000,USD,1,,"{""MARCA"":[""SEA PAK""],""CATEGORIA"":[""Comidas Preparadas""]}","[""Comidas Preparadas""]",NULL,https://riba.app/imgrs/THUMBS%20500X500/345880.JPG,0,0,"[""91""]",1.455.000,2026-05-08 10:00:23
4132222239,SEAPAK DYNAMITE SHRIMP,SEAPAK DYNAMITE SHRIMP,SEAPAK DYNAMITE SHRIMP,insert,1,https://riba.app/imgrs/THUMBS%20500X500/356978.JPG,tabs/detalle-producto/356978,1.309.000,1.309.000,1.309.000,USD,1,,"{""MARCA"":[""SEA PAK""],""CATEGORIA"":[""Comidas Preparadas""]}","[""Comidas Preparadas""]",NULL,https://riba.app/imgrs/THUMBS%20500X500/356978.JPG,0,0,"[""91""]",1.309.000,2026-05-08 10:00:23
4132222491,POPCORN SHRIMP ,POPCORN SHRIMP ,POPCORN SHRIMP ,insert,1,https://riba.app/imgrs/THUMBS%20500X500/345877.JPG,tabs/detalle-producto/345877,1.325.000,1.325.000,1.325.000,USD,1,,"{""MARCA"":[""SEA PAK""],""CATEGORIA"":[""Comidas Preparadas""]}","[""Comidas Preparadas""]",NULL,https://riba.app/imgrs/THUMBS%20500X500/345877.JPG,0,0,"[""91""]",1.325.000,2026-05-08 10:00:23
4132222493,SEAPAK CRISPY CALAMARI RINGS ,SEAPAK CRISPY CALAMARI RINGS ,SEAPAK CRISPY CALAMARI RINGS ,insert,1,https://riba.app/imgrs/THUMBS%20500X500/345878.JPG,tabs/detalle-producto/345878,1.299.000,1.299.000,1.299.000,USD,1,,"{""MARCA"":[""SEA PAK""],""CATEGORIA"":[""Comidas Preparadas""]}","[""Comidas Preparadas""]",NULL,https://riba.app/imgrs/THUMBS%20500X500/345878.JPG,0,0,"[""91""]",1.299.000,2026-05-08 10:00:23
4132222494,SEAPAK POPCORN SHRIMP ,SEAPAK POPCORN SHRIMP ,SEAPAK POPCORN SHRIMP ,insert,1,https://riba.app/imgrs/THUMBS%20500X500/345881.JPG,tabs/detalle-producto/345881,1.596.000,1.596.000,1.596.000,USD,1,,"{""MARCA"":[""SEA PAK""],""CATEGORIA"":[""Comidas Preparadas""]}","[""Comidas Preparadas""]",NULL,https://riba.app/imgrs/THUMBS%20500X500/345881.JPG,0,0,"[""91""]",1.596.000,2026-05-08 10:00:23
4132222497,SEAPAK BUTTERFLY SHRIMP,SEAPAK BUTTERFLY SHRIMP,SEAPAK BUTTERFLY SHRIMP,insert,1,https://riba.app/imgrs/THUMBS%20500X500/345886.JPG,tabs/detalle-producto/345886,1.620.000,1.620.000,1.620.000,USD,1,,"{""MARCA"":[""SEA PAK""],""CATEGORIA"":[""Comidas Preparadas""]}","[""Comidas Preparadas""]",NULL,https://riba.app/imgrs/THUMBS%20500X500/345886.JPG,0,0,"[""91""]",1.620.000,2026-05-08 10:00:23
4132222499,JUMBO COCONUT SHRIMP,JUMBO COCONUT SHRIMP,JUMBO COCONUT SHRIMP,insert,1,https://riba.app/imgrs/THUMBS%20500X500/345883.JPG,tabs/detalle-producto/345883,1.620.000,1.620.000,1.620.000,USD,1,,"{""MARCA"":[""SEA PAK""],""CATEGORIA"":[""Comidas Preparadas""]}","[""Comidas Preparadas""]",NULL,https://riba.app/imgrs/THUMBS%20500X500/345883.JPG,0,0,"[""91""]",1.620.000,2026-05-08 10:00:23
4132234893,SEAPAK CLASSIC POPCORN SHRIMP,SEAPAK CLASSIC POPCORN SHRIMP,SEAPAK CLASSIC POPCORN SHRIMP,insert,1,https://riba.app/imgrs/THUMBS%20500X500/356973.JPG,tabs/detalle-producto/356973,1.320.000,1.320.000,1.320.000,USD,1,,"{""MARCA"":[""SEA PAK""],""CATEGORIA"":[""Comidas Preparadas""]}","[""Comidas Preparadas""]",NULL,https://riba.app/imgrs/THUMBS%20500X500/356973.JPG,0,0,"[""91""]",1.320.000,2026-05-08 10:00:23
4360,EMPANADA CON TUNA,EMPANADA CON TUNA,EMPANADA CON TUNA,insert,1,https://riba.app/imgrs/THUMBS%20500X500/251896.JPG,tabs/detalle-producto/251896,95.000,95.000,95.000,USD,1,,"{""MARCA"":[""RIMITH""],""CATEGORIA"":[""Comidas Preparadas""]}","[""Comidas Preparadas""]",NULL,https://riba.app/imgrs/THUMBS%20500X500/251896.JPG,0,0,"[""91""]",95.000,2026-05-08 10:00:23
440000455942,ALMEJA CON CONCHA BLANCA IMPOR,ALMEJA CON CONCHA BLANCA IMPOR,ALMEJA CON CONCHA BLANCA IMPOR,insert,1,https://riba.app/imgrs/THUMBS%20500X500/348475.JPG,tabs/detalle-producto/348475,565.000,565.000,565.000,USD,1,,"{""MARCA"":[""MUELLE SETENTA Y SIETE""],""CATEGORIA"":[""Frutos Del Mar""]}","[""Frutos Del Mar""]",NULL,https://riba.app/imgrs/THUMBS%20500X500/348475.JPG,0,0,"[""102""]",565.000,2026-05-08 10:00:23
4440010310,GORTON FISH STICKS,GORTON FISH STICKS,GORTON FISH STICKS,insert,1,https://riba.app/imgrs/THUMBS%20500X500/345935.JPG,tabs/detalle-producto/345935,2.315.000,2.315.000,2.315.000,USD,1,,"{""MARCA"":[""GORTON'S""],""CATEGORIA"":[""Comidas Preparadas""]}","[""Comidas Preparadas""]",NULL,https://riba.app/imgrs/THUMBS%20500X500/345935.JPG,0,0,"[""91""]",2.315.000,2026-05-08 10:00:23
4440013920,GORTON BEER BATTER SHRIMP,GORTON BEER BATTER SHRIMP,GORTON BEER BATTER SHRIMP,insert,1,https://riba.app/imgrs/THUMBS%20500X500/345933.JPG,tabs/detalle-producto/345933,1.295.000,1.295.000,1.295.000,USD,1,,"{""MARCA"":[""GORTON'S""],""CATEGORIA"":[""Comidas Preparadas""]}","[""Comidas Preparadas""]",NULL,https://riba.app/imgrs/THUMBS%20500X500/345933.JPG,0,0,"[""91""]",1.295.000,2026-05-08 10:00:23
4440015340,GORTON POTATO CRUNCH FILLETS,GORTON POTATO CRUNCH FILLETS,GORTON POTATO CRUNCH FILLETS,insert,1,https://riba.app/imgrs/THUMBS%20500X500/345936.JPG,tabs/detalle-producto/345936,1.200.000,1.200.000,1.200.000,USD,1,,"{""MARCA"":[""GORTON'S""],""CATEGORIA"":[""Comidas Preparadas""]}","[""Comidas Preparadas""]",NULL,https://riba.app/imgrs/THUMBS%20500X500/345936.JPG,0,0,"[""91""]",1.200.000,2026-05-08 10:00:23
4440016400,GORTONS POPCORN SHRIMP,GORTONS POPCORN SHRIMP,GORTONS POPCORN SHRIMP,insert,1,https://riba.app/imgrs/THUMBS%20500X500/150555.JPG,tabs/detalle-producto/150555,1.288.000,1.288.000,1.288.000,USD,1,,"{""MARCA"":[""GORTON´S""],""CATEGORIA"":[""Comidas Preparadas""]}","[""Comidas Preparadas""]",NULL,https://riba.app/imgrs/THUMBS%20500X500/150555.JPG,0,0,"[""91""]",1.288.000,2026-05-08 10:00:23
496771401006,ATUN ALBACORA EN AGUA,ATUN ALBACORA EN AGUA,ATUN ALBACORA EN AGUA,insert,1,https://riba.app/imgrs/THUMBS%20500X500/15183.JPG,tabs/detalle-producto/15183,442.000,442.000,442.000,USD,1,,"{""MARCA"":[""DELICIAS""],""CATEGORIA"":[""Conservas""]}","[""Conservas""]",NULL,https://riba.app/imgrs/THUMBS%20500X500/15183.JPG,0,0,"[""88""]",442.000,2026-05-08 10:00:23
496771401007,TUNA SOLID WHITE OIL DELICIA,TUNA SOLID WHITE OIL DELICIA,TUNA SOLID WHITE OIL DELICIA,insert,1,https://riba.app/imgrs/THUMBS%20500X500/14966.JPG,tabs/detalle-producto/14966,442.000,442.000,442.000,USD,1,,"{""MARCA"":[""DELICIAS""],""CATEGORIA"":[""Conservas""]}","[""Conservas""]",NULL,https://riba.app/imgrs/THUMBS%20500X500/14966.JPG,0,0,"[""88""]",442.000,2026-05-08 10:00:23
560040920030,SARDINAS ACEITE EXTRA VIRGEN,SARDINAS ACEITE EXTRA VIRGEN,SARDINAS ACEITE EXTRA VIRGEN,insert,1,https://riba.app/imgrs/THUMBS%20500X500/358956.JPG,tabs/detalle-producto/358956,864.000,864.000,864.000,USD,1,,"{""MARCA"":[""JOSE GOURMET""],""CATEGORIA"":[""Conservas""]}","[""Conservas""]",NULL,https://riba.app/imgrs/THUMBS%20500X500/358956.JPG,0,0,"[""88""]",864.000,2026-05-08 10:00:23
560040920032,SARDINAS ACEITE EXTRAV Y LIMON,SARDINAS ACEITE EXTRAV Y LIMON,SARDINAS ACEITE EXTRAV Y LIMON,insert,1,https://riba.app/imgrs/THUMBS%20500X500/358957.JPG,tabs/detalle-producto/358957,864.000,864.000,864.000,USD,1,,"{""MARCA"":[""JOSE GOURMET""],""CATEGORIA"":[""Conservas""]}","[""Conservas""]",NULL,https://riba.app/imgrs/THUMBS%20500X500/358957.JPG,0,0,"[""88""]",864.000,2026-05-08 10:00:23
560040920281,SARDINAS AHUMADAS JOSE GOURMET,SARDINAS AHUMADAS JOSE GOURMET,SARDINAS AHUMADAS JOSE GOURMET,insert,1,https://riba.app/imgrs/THUMBS%20500X500/358963.JPG,tabs/detalle-producto/358963,904.000,904.000,904.000,USD,1,,"{""MARCA"":[""JOSE GOURMET""],""CATEGORIA"":[""Conservas""]}","[""Conservas""]",NULL,https://riba.app/imgrs/THUMBS%20500X500/358963.JPG,0,0,"[""88""]",904.000,2026-05-08 10:00:23
66141100051,ATUN LOMITO EN ACEITE ,ATUN LOMITO EN ACEITE ,ATUN LOMITO EN ACEITE ,insert,1,https://riba.app/imgrs/THUMBS%20500X500/107754.JPG,tabs/detalle-producto/107754,126.000,126.000,126.000,USD,1,,"{""MARCA"":[""DORADO FISH""],""CATEGORIA"":[""Conservas""]}","[""Conservas""]",NULL,https://riba.app/imgrs/THUMBS%20500X500/107754.JPG,0,0,"[""88""]",126.000,2026-05-08 10:00:23
66507200002,PAN SHRIMP 31/40 CPTO IQF ,PAN SHRIMP 31/40 CPTO IQF ,PAN SHRIMP 31/40 CPTO IQF ,insert,1,https://riba.app/imgrs/THUMBS%20500X500/189656.JPG,tabs/detalle-producto/189656,1.225.000,1.225.000,1.225.000,USD,1,,"{""MARCA"":[""PANAMEI SEAFOOD""],""CATEGORIA"":[""Frutos Del Mar""]}","[""Frutos Del Mar""]",NULL,https://riba.app/imgrs/THUMBS%20500X500/189656.JPG,0,0,"[""102""]",1.225.000,2026-05-08 10:00:23
66507200004,PANAMEI SHRIMP 51/60,PANAMEI SHRIMP 51/60,PANAMEI SHRIMP 51/60,insert,1,https://riba.app/imgrs/THUMBS%20500X500/249896.JPG,tabs/detalle-producto/249896,1.225.000,1.225.000,1.225.000,USD,1,,"{""MARCA"":[""PANAMEI SEAFOOD""],""CATEGORIA"":[""Frutos Del Mar""]}","[""Frutos Del Mar""]",NULL,https://riba.app/imgrs/THUMBS%20500X500/249896.JPG,0,0,"[""102""]",1.225.000,2026-05-08 10:00:23
66507200005,PANAMEI COOKED SHRIMP 26/30 L ,PANAMEI COOKED SHRIMP 26/30 L ,PANAMEI COOKED SHRIMP 26/30 L ,insert,1,https://riba.app/imgrs/THUMBS%20500X500/247488.JPG,tabs/detalle-producto/247488,1.501.000,1.501.000,1.501.000,USD,1,,"{""MARCA"":[""PANAMEI SEAFOOD""],""CATEGORIA"":[""Frutos Del Mar""]}","[""Frutos Del Mar""]",NULL,https://riba.app/imgrs/THUMBS%20500X500/247488.JPG,0,0,"[""102""]",1.501.000,2026-05-08 10:00:23
66507200010,PANAMEI COOKED SHRIMP LAR26/30,PANAMEI COOKED SHRIMP LAR26/30,PANAMEI COOKED SHRIMP LAR26/30,insert,1,https://riba.app/imgrs/THUMBS%20500X500/247487.JPG,tabs/detalle-producto/247487,2.697.000,2.697.000,2.697.000,USD,1,,"{""MARCA"":[""PANAMEI SEAFOOD""],""CATEGORIA"":[""Frutos Del Mar""]}","[""Frutos Del Mar""]",NULL,https://riba.app/imgrs/THUMBS%20500X500/247487.JPG,0,0,"[""102""]",2.697.000,2026-05-08 10:00:23
66507200011,PANA SHRIMP 31/40 CPTO IQF,PANA SHRIMP 31/40 CPTO IQF,PANA SHRIMP 31/40 CPTO IQF,insert,1,https://riba.app/imgrs/THUMBS%20500X500/204860.JPG,tabs/detalle-producto/204860,2.387.000,2.387.000,2.387.000,USD,1,,"{""MARCA"":[""PANAMEI SEAFOOD""],""CATEGORIA"":[""Frutos Del Mar""]}","[""Frutos Del Mar""]",NULL,https://riba.app/imgrs/THUMBS%20500X500/204860.JPG,0,0,"[""102""]",2.387.000,2026-05-08 10:00:23
66507200013,PANAMEI SHRIMP COOKED 51/60,PANAMEI SHRIMP COOKED 51/60,PANAMEI SHRIMP COOKED 51/60,insert,1,https://riba.app/imgrs/THUMBS%20500X500/264568.JPG,tabs/detalle-producto/264568,2.495.000,2.495.000,2.495.000,USD,1,,"{""MARCA"":[""PANAMEI SEAFOOD""],""CATEGORIA"":[""Frutos Del Mar""]}","[""Frutos Del Mar""]",NULL,https://riba.app/imgrs/THUMBS%20500X500/264568.JPG,0,0,"[""102""]",2.495.000,2026-05-08 10:00:23
66507200037,COOKED SHRIMP CPTO 61-70,COOKED SHRIMP CPTO 61-70,COOKED SHRIMP CPTO 61-70,insert,1,https://riba.app/imgrs/THUMBS%20500X500/243666.JPG,tabs/detalle-producto/243666,2.245.000,2.245.000,2.245.000,USD,1,,"{""MARCA"":[""PANAMEI SEAFOOD""],""CATEGORIA"":[""Frutos Del Mar""]}","[""Frutos Del Mar""]",NULL,https://riba.app/imgrs/THUMBS%20500X500/243666.JPG,0,0,"[""102""]",2.245.000,2026-05-08 10:00:23
66507200057,PANAMEI SHRIMP 61/70,PANAMEI SHRIMP 61/70,PANAMEI SHRIMP 61/70,insert,1,https://riba.app/imgrs/THUMBS%20500X500/246199.JPG,tabs/detalle-producto/246199,1.146.000,1.146.000,1.146.000,USD,1,,"{""MARCA"":[""PANAMEI SEAFOOD""],""CATEGORIA"":[""Frutos Del Mar""]}","[""Frutos Del Mar""]",NULL,https://riba.app/imgrs/THUMBS%20500X500/246199.JPG,0,0,"[""102""]",1.146.000,2026-05-08 10:00:23
66507200435,PANAMEI TILAPIA FILLETS,PANAMEI TILAPIA FILLETS,PANAMEI TILAPIA FILLETS,insert,1,https://riba.app/imgrs/THUMBS%20500X500/247493.JPG,tabs/detalle-producto/247493,820.000,820.000,820.000,USD,1,,"{""MARCA"":[""PANAMEI SEAFOOD""],""CATEGORIA"":[""Pescados""]}","[""Pescados""]",NULL,https://riba.app/imgrs/THUMBS%20500X500/247493.JPG,0,0,"[""103""]",820.000,2026-05-08 10:00:23
66507200440,PANAMEI CLAMS 11/16 WHL COOKED,PANAMEI CLAMS 11/16 WHL COOKED,PANAMEI CLAMS 11/16 WHL COOKED,insert,1,https://riba.app/imgrs/THUMBS%20500X500/259657.JPG,tabs/detalle-producto/259657,637.000,637.000,637.000,USD,1,,"{""MARCA"":[""PANAMEI SEAFOOD""],""CATEGORIA"":[""Frutos Del Mar""]}","[""Frutos Del Mar""]",NULL,https://riba.app/imgrs/THUMBS%20500X500/259657.JPG,0,0,"[""102""]",637.000,2026-05-08 10:00:23
66507200441,PANAMEI COOKED CLAMS ,PANAMEI COOKED CLAMS ,PANAMEI COOKED CLAMS ,insert,1,https://riba.app/imgrs/THUMBS%20500X500/247489.JPG,tabs/detalle-producto/247489,637.000,637.000,637.000,USD,1,,"{""MARCA"":[""PANAMEI SEAFOOD""],""CATEGORIA"":[""Frutos Del Mar""]}","[""Frutos Del Mar""]",NULL,https://riba.app/imgrs/THUMBS%20500X500/247489.JPG,0,0,"[""102""]",637.000,2026-05-08 10:00:23
66507200484,CPTO COOKED SHRIMP 16/20,CPTO COOKED SHRIMP 16/20,CPTO COOKED SHRIMP 16/20,insert,1,https://riba.app/imgrs/THUMBS%20500X500/180944.JPG,tabs/detalle-producto/180944,1.680.000,1.680.000,1.680.000,USD,1,,"{""MARCA"":[""PANAMEI SEAFOOD""],""CATEGORIA"":[""Frutos Del Mar""]}","[""Frutos Del Mar""]",NULL,https://riba.app/imgrs/THUMBS%20500X500/180944.JPG,0,0,"[""102""]",1.680.000,2026-05-08 10:00:23
66507200499,PANAMEI SWAI FILLETS,PANAMEI SWAI FILLETS,PANAMEI SWAI FILLETS,insert,1,https://riba.app/imgrs/THUMBS%20500X500/247491.JPG,tabs/detalle-producto/247491,881.000,881.000,881.000,USD,1,,"{""MARCA"":[""PANAMEI SEAFOOD""],""CATEGORIA"":[""Pescados""]}","[""Pescados""]",NULL,https://riba.app/imgrs/THUMBS%20500X500/247491.JPG,0,0,"[""103""]",881.000,2026-05-08 10:00:23
66507200576,PANAMEI MEJILLONES COCIDOS,PANAMEI MEJILLONES COCIDOS,PANAMEI MEJILLONES COCIDOS,insert,1,https://riba.app/imgrs/THUMBS%20500X500/200490.JPG,tabs/detalle-producto/200490,494.000,494.000,494.000,USD,1,,"{""MARCA"":[""PANAMEI SEAFOOD""],""CATEGORIA"":[""Frutos Del Mar""]}","[""Frutos Del Mar""]",NULL,https://riba.app/imgrs/THUMBS%20500X500/200490.JPG,0,0,"[""102""]",494.000,2026-05-08 10:00:23
66507200634,CAMARON LARGE 21-25 PELADO DES,CAMARON LARGE 21-25 PELADO DES,CAMARON LARGE 21-25 PELADO DES,insert,1,https://riba.app/imgrs/THUMBS%20500X500/217884.JPG,tabs/detalle-producto/217884,1.525.000,1.525.000,1.525.000,USD,1,,"{""MARCA"":[""PANAMEI SEAFOOD""],""CATEGORIA"":[""Frutos Del Mar""]}","[""Frutos Del Mar""]",NULL,https://riba.app/imgrs/THUMBS%20500X500/217884.JPG,0,0,"[""102""]",1.525.000,2026-05-08 10:00:23
66507200635,CAMARON LARGE 21-25 PELADO DES,CAMARON LARGE 21-25 PELADO DES,CAMARON LARGE 21-25 PELADO DES,insert,1,https://riba.app/imgrs/THUMBS%20500X500/201165.JPG,tabs/detalle-producto/201165,2.946.000,2.946.000,2.946.000,USD,1,,"{""MARCA"":[""PANAMEI SEAFOOD""],""CATEGORIA"":[""Frutos Del Mar""]}","[""Frutos Del Mar""]",NULL,https://riba.app/imgrs/THUMBS%20500X500/201165.JPG,0,0,"[""102""]",2.946.000,2026-05-08 10:00:23
66507200790,P COOKED SHRIMP X JUMBO 16/20,P COOKED SHRIMP X JUMBO 16/20,P COOKED SHRIMP X JUMBO 16/20,insert,1,https://riba.app/imgrs/THUMBS%20500X500/220271.JPG,tabs/detalle-producto/220271,3.149.000,3.149.000,3.149.000,USD,1,,"{""MARCA"":[""PANAMEI SEAFOOD""],""CATEGORIA"":[""Frutos Del Mar""]}","[""Frutos Del Mar""]",NULL,https://riba.app/imgrs/THUMBS%20500X500/220271.JPG,0,0,"[""102""]",3.149.000,2026-05-08 10:00:23
66507200850,PANAMEI TUNA PORTION ,PANAMEI TUNA PORTION ,PANAMEI TUNA PORTION ,insert,1,https://riba.app/imgrs/THUMBS%20500X500/241054.JPG,tabs/detalle-producto/241054,1.404.000,1.404.000,1.404.000,USD,1,,"{""MARCA"":[""PANAMEI SEAFOOD""],""CATEGORIA"":[""Pescados""]}","[""Pescados""]",NULL,https://riba.app/imgrs/THUMBS%20500X500/241054.JPG,0,0,"[""103""]",1.404.000,2026-05-08 10:00:23
66507200862,BACALAO SALTED POLLOC,BACALAO SALTED POLLOC,BACALAO SALTED POLLOC,insert,1,https://riba.app/imgrs/THUMBS%20500X500/161120.JPG,tabs/detalle-producto/161120,901.000,901.000,901.000,USD,1,,"{""MARCA"":[""PANAMEI SEAFOOD""],""CATEGORIA"":[""Pescados""]}","[""Pescados""]",NULL,https://riba.app/imgrs/THUMBS%20500X500/161120.JPG,0,0,"[""103""]",901.000,2026-05-08 10:00:23
66507200863,PANAMEI SALTED POLLOCK B STYLE,PANAMEI SALTED POLLOCK B STYLE,PANAMEI SALTED POLLOCK B STYLE,insert,1,https://riba.app/imgrs/THUMBS%20500X500/271447.JPG,tabs/detalle-producto/271447,3.202.000,3.202.000,3.202.000,USD,1,,"{""MARCA"":[""PANAMEI SEAFOOD""],""CATEGORIA"":[""Pescados""]}","[""Pescados""]",NULL,https://riba.app/imgrs/THUMBS%20500X500/271447.JPG,0,0,"[""103""]",3.202.000,2026-05-08 10:00:23
66507200865,PANAM SHRIMP 21/25 BRD BFLY,PANAM SHRIMP 21/25 BRD BFLY,PANAM SHRIMP 21/25 BRD BFLY,insert,1,https://riba.app/imgrs/THUMBS%20500X500/259653.JPG,tabs/detalle-producto/259653,3.589.000,3.589.000,3.589.000,USD,1,,"{""MARCA"":[""PANAMEI SEAFOOD""],""CATEGORIA"":[""Frutos Del Mar""]}","[""Frutos Del Mar""]",NULL,https://riba.app/imgrs/THUMBS%20500X500/259653.JPG,0,0,"[""102""]",3.589.000,2026-05-08 10:00:23
66507200994,PANAMEI SHRIMP 16-18 BRD BFLY,PANAMEI SHRIMP 16-18 BRD BFLY,PANAMEI SHRIMP 16-18 BRD BFLY,insert,1,https://riba.app/imgrs/THUMBS%20500X500/200486.JPG,tabs/detalle-producto/200486,535.000,535.000,535.000,USD,1,,"{""MARCA"":[""PANAMEI SEAFOOD""],""CATEGORIA"":[""Frutos Del Mar""]}","[""Frutos Del Mar""]",NULL,https://riba.app/imgrs/THUMBS%20500X500/200486.JPG,0,0,"[""102""]",535.000,2026-05-08 10:00:23
66507201067,PANAMEI MUELAS D CANGREJO JONA,PANAMEI MUELAS D CANGREJO JONA,PANAMEI MUELAS D CANGREJO JONA,insert,1,https://riba.app/imgrs/THUMBS%20500X500/200488.JPG,tabs/detalle-producto/200488,3.556.000,3.556.000,3.556.000,USD,1,,"{""MARCA"":[""PANAMEI SEAFOOD""],""CATEGORIA"":[""Frutos Del Mar""]}","[""Frutos Del Mar""]",NULL,https://riba.app/imgrs/THUMBS%20500X500/200488.JPG,0,0,"[""102""]",3.556.000,2026-05-08 10:00:23
66507201071,PANAMEI FLOUNDER FILLETS,PANAMEI FLOUNDER FILLETS,PANAMEI FLOUNDER FILLETS,insert,1,https://riba.app/imgrs/THUMBS%20500X500/247492.JPG,tabs/detalle-producto/247492,1.016.000,1.016.000,1.016.000,USD,1,,"{""MARCA"":[""PANAMEI SEAFOOD""],""CATEGORIA"":[""Pescados""]}","[""Pescados""]",NULL,https://riba.app/imgrs/THUMBS%20500X500/247492.JPG,0,0,"[""103""]",1.016.000,2026-05-08 10:00:23
66507201072,WHOLE COOKED CRAWFISH LUISIANA,WHOLE COOKED CRAWFISH LUISIANA,WHOLE COOKED CRAWFISH LUISIANA,insert,1,https://riba.app/imgrs/THUMBS%20500X500/241051.JPG,tabs/detalle-producto/241051,1.313.000,1.313.000,1.313.000,USD,1,,"{""MARCA"":[""PANAMEI SEAFOOD""],""CATEGORIA"":[""Frutos Del Mar""]}","[""Frutos Del Mar""]",NULL,https://riba.app/imgrs/THUMBS%20500X500/241051.JPG,0,0,"[""102""]",1.313.000,2026-05-08 10:00:23
66507201073,PANAMEI FISH FILLETS ,PANAMEI FISH FILLETS ,PANAMEI FISH FILLETS ,insert,1,https://riba.app/imgrs/THUMBS%20500X500/355799.JPG,tabs/detalle-producto/355799,685.000,685.000,685.000,USD,1,,"{""MARCA"":[""PANAMEI SEAFOOD""],""CATEGORIA"":[""Comidas Preparadas""]}","[""Comidas Preparadas""]",NULL,https://riba.app/imgrs/THUMBS%20500X500/355799.JPG,0,0,"[""91""]",685.000,2026-05-08 10:00:23
66507201131,PANAMEI SHRIMP TAIL-ON L31/40 ,PANAMEI SHRIMP TAIL-ON L31/40 ,PANAMEI SHRIMP TAIL-ON L31/40 ,insert,1,https://riba.app/imgrs/THUMBS%20500X500/247486.JPG,tabs/detalle-producto/247486,997.000,997.000,997.000,USD,1,,"{""MARCA"":[""PANAMEI SEAFOOD""],""CATEGORIA"":[""Frutos Del Mar""]}","[""Frutos Del Mar""]",NULL,https://riba.app/imgrs/THUMBS%20500X500/247486.JPG,0,0,"[""102""]",997.000,2026-05-08 10:00:23
66507202017,SNAPPER FILLET NAT (PARGO),SNAPPER FILLET NAT (PARGO),SNAPPER FILLET NAT (PARGO),insert,1,https://riba.app/imgrs/THUMBS%20500X500/243929.JPG,tabs/detalle-producto/243929,2.224.000,2.224.000,2.224.000,USD,1,,"{""MARCA"":[""PANAMEI SEAFOOD""],""CATEGORIA"":[""Pescados""]}","[""Pescados""]",NULL,https://riba.app/imgrs/THUMBS%20500X500/243929.JPG,0,0,"[""103""]",2.224.000,2026-05-08 10:00:23
66507264040,PANAMEI GROUPER,PANAMEI GROUPER,PANAMEI GROUPER,insert,1,https://riba.app/imgrs/THUMBS%20500X500/355797.JPG,tabs/detalle-producto/355797,1.075.000,1.075.000,1.075.000,USD,1,,"{""MARCA"":[""PANAMEI SEAFOOD""],""CATEGORIA"":[""Pescados""]}","[""Pescados""]",NULL,https://riba.app/imgrs/THUMBS%20500X500/355797.JPG,0,0,"[""103""]",1.075.000,2026-05-08 10:00:23
66507264318,PANAMEI SEAFOOD MIX,PANAMEI SEAFOOD MIX,PANAMEI SEAFOOD MIX,insert,1,https://riba.app/imgrs/THUMBS%20500X500/355801.JPG,tabs/detalle-producto/355801,815.000,815.000,815.000,USD,1,,"{""MARCA"":[""PANAMEI SEAFOOD""],""CATEGORIA"":[""Frutos Del Mar""]}","[""Frutos Del Mar""]",NULL,https://riba.app/imgrs/THUMBS%20500X500/355801.JPG,0,0,"[""102""]",815.000,2026-05-08 10:00:23
693274628904,SARDINA EN SALSA DE TOMATE,SARDINA EN SALSA DE TOMATE,SARDINA EN SALSA DE TOMATE,insert,1,https://riba.app/imgrs/THUMBS%20500X500/314235.JPG,tabs/detalle-producto/314235,60.000,60.000,60.000,USD,1,,"{""MARCA"":[""ROYAL PRINCE""],""CATEGORIA"":[""Conservas""]}","[""Conservas""]",NULL,https://riba.app/imgrs/THUMBS%20500X500/314235.JPG,0,0,"[""88""]",60.000,2026-05-08 10:00:23
693274628981,R PRINCE LOMITOS ATUN AGUA,R PRINCE LOMITOS ATUN AGUA,R PRINCE LOMITOS ATUN AGUA,insert,1,https://riba.app/imgrs/THUMBS%20500X500/292771.JPG,tabs/detalle-producto/292771,169.000,169.000,169.000,USD,1,,"{""MARCA"":[""ROYAL PRINCE""],""CATEGORIA"":[""Conservas""]}","[""Conservas""]",NULL,https://riba.app/imgrs/THUMBS%20500X500/292771.JPG,0,0,"[""88""]",169.000,2026-05-08 10:00:23
693274628982,R PRINCE LOMITOS ATUN ACEITE,R PRINCE LOMITOS ATUN ACEITE,R PRINCE LOMITOS ATUN ACEITE,insert,1,https://riba.app/imgrs/THUMBS%20500X500/292770.JPG,tabs/detalle-producto/292770,179.000,179.000,179.000,USD,1,,"{""MARCA"":[""ROYAL PRINCE""],""CATEGORIA"":[""Conservas""]}","[""Conservas""]",NULL,https://riba.app/imgrs/THUMBS%20500X500/292770.JPG,0,0,"[""88""]",179.000,2026-05-08 10:00:23
693274628983,R PRINCE LOMOS ATUN Y VEGETALE,R PRINCE LOMOS ATUN Y VEGETALE,R PRINCE LOMOS ATUN Y VEGETALE,insert,1,https://riba.app/imgrs/THUMBS%20500X500/292772.JPG,tabs/detalle-producto/292772,167.000,167.000,167.000,USD,1,,"{""MARCA"":[""ROYAL PRINCE""],""CATEGORIA"":[""Conservas""]}","[""Conservas""]",NULL,https://riba.app/imgrs/THUMBS%20500X500/292772.JPG,0,0,"[""88""]",167.000,2026-05-08 10:00:23
7005700242,PHILLIPS JUMBO LUMP ,PHILLIPS JUMBO LUMP ,PHILLIPS JUMBO LUMP ,insert,1,https://riba.app/imgrs/THUMBS%20500X500/345937.JPG,tabs/detalle-producto/345937,2.895.000,2.895.000,2.895.000,USD,1,,"{""MARCA"":[""PHILLIPS""],""CATEGORIA"":[""Frutos Del Mar""]}","[""Frutos Del Mar""]",NULL,https://riba.app/imgrs/THUMBS%20500X500/345937.JPG,0,0,"[""102""]",2.895.000,2026-05-08 10:00:23
7005726001,PHILLIPS LOBSTER CLAW KNUCKLE,PHILLIPS LOBSTER CLAW KNUCKLE,PHILLIPS LOBSTER CLAW KNUCKLE,insert,1,https://riba.app/imgrs/THUMBS%20500X500/345939.JPG,tabs/detalle-producto/345939,2.995.000,2.995.000,2.995.000,USD,1,,"{""MARCA"":[""PHILLIPS""],""CATEGORIA"":[""Frutos Del Mar""]}","[""Frutos Del Mar""]",NULL,https://riba.app/imgrs/THUMBS%20500X500/345939.JPG,0,0,"[""102""]",2.995.000,2026-05-08 10:00:23
70908109135,TROZOS DE SIERRA,TROZOS DE SIERRA,TROZOS DE SIERRA,insert,1,https://riba.app/imgrs/THUMBS%20500X500/324405.JPG,tabs/detalle-producto/324405,544.000,544.000,544.000,USD,1,,"{""MARCA"":[""ISTMO FISHER""],""CATEGORIA"":[""Pescados""]}","[""Pescados""]",NULL,https://riba.app/imgrs/THUMBS%20500X500/324405.JPG,0,0,"[""103""]",544.000,2026-05-08 10:00:23
70908109136,COLA DE LANGOSTINO,COLA DE LANGOSTINO,COLA DE LANGOSTINO,insert,1,https://riba.app/imgrs/THUMBS%20500X500/324412.JPG,tabs/detalle-producto/324412,1.585.000,1.585.000,1.585.000,USD,1,,"{""MARCA"":[""ISTMO FISHER""],""CATEGORIA"":[""Frutos Del Mar""]}","[""Frutos Del Mar""]",NULL,https://riba.app/imgrs/THUMBS%20500X500/324412.JPG,0,0,"[""102""]",1.585.000,2026-05-08 10:00:23
70908109145,FILETE DE LENGUADO 1 LB,FILETE DE LENGUADO 1 LB,FILETE DE LENGUADO 1 LB,insert,1,https://riba.app/imgrs/THUMBS%20500X500/324413.JPG,tabs/detalle-producto/324413,767.000,767.000,767.000,USD,1,,"{""MARCA"":[""ISTMO FISHER""],""CATEGORIA"":[""Pescados""]}","[""Pescados""]",NULL,https://riba.app/imgrs/THUMBS%20500X500/324413.JPG,0,0,"[""103""]",767.000,2026-05-08 10:00:23
7107201203,VIGO FLAT FILLETS OF ANCHOVIES,VIGO FLAT FILLETS OF ANCHOVIES,VIGO FLAT FILLETS OF ANCHOVIES,insert,1,https://riba.app/imgrs/THUMBS%20500X500/266546.JPG,tabs/detalle-producto/266546,330.000,330.000,330.000,USD,1,,"{""MARCA"":[""VIGO""],""CATEGORIA"":[""Conservas""]}","[""Conservas""]",NULL,https://riba.app/imgrs/THUMBS%20500X500/266546.JPG,0,0,"[""88""]",330.000,2026-05-08 10:00:23
7114000161,GEISHA CRAB MEAT 6OZ,GEISHA CRAB MEAT 6OZ,GEISHA CRAB MEAT 6OZ,insert,1,https://riba.app/imgrs/THUMBS%20500X500/134330.JPG,tabs/detalle-producto/134330,495.000,495.000,495.000,USD,1,,"{""MARCA"":[""GEISHA""],""CATEGORIA"":[""Conservas""]}","[""Conservas""]",NULL,https://riba.app/imgrs/THUMBS%20500X500/134330.JPG,0,0,"[""88""]",495.000,2026-05-08 10:00:23
7114000600,GEISHA SMOKED OYSTERS 3.75 OZ,GEISHA SMOKED OYSTERS 3.75 OZ,GEISHA SMOKED OYSTERS 3.75 OZ,insert,1,https://riba.app/imgrs/THUMBS%20500X500/172902.JPG,tabs/detalle-producto/172902,480.000,480.000,480.000,USD,1,,"{""MARCA"":[""GEISHA""],""CATEGORIA"":[""Conservas""]}","[""Conservas""]",NULL,https://riba.app/imgrs/THUMBS%20500X500/172902.JPG,0,0,"[""88""]",480.000,2026-05-08 10:00:23
72055000103,SALMON AHUMADO REBANADO,SALMON AHUMADO REBANADO,SALMON AHUMADO REBANADO,insert,1,https://riba.app/imgrs/THUMBS%20500X500/24942.JPG,tabs/detalle-producto/24942,505.000,505.000,505.000,USD,1,,"{""MARCA"":[""GOURMAR""],""CATEGORIA"":[""Pescados""]}","[""Pescados""]",NULL,https://riba.app/imgrs/THUMBS%20500X500/24942.JPG,0,0,"[""103""]",505.000,2026-05-08 10:00:23
72055000108,SALMON AHUMADO REBANADO,SALMON AHUMADO REBANADO,SALMON AHUMADO REBANADO,insert,1,https://riba.app/imgrs/THUMBS%20500X500/24992.JPG,tabs/detalle-producto/24992,1.115.000,1.115.000,1.115.000,USD,1,,"{""MARCA"":[""GOURMAR""],""CATEGORIA"":[""Pescados""]}","[""Pescados""]",NULL,https://riba.app/imgrs/THUMBS%20500X500/24992.JPG,0,0,"[""103""]",1.115.000,2026-05-08 10:00:23
72055000116,SALMON AHUMADO DE 1 LBS,SALMON AHUMADO DE 1 LBS,SALMON AHUMADO DE 1 LBS,insert,1,https://riba.app/imgrs/THUMBS%20500X500/24944.JPG,tabs/detalle-producto/24944,2.030.000,2.030.000,2.030.000,USD,1,,"{""MARCA"":[""GOURMAR""],""CATEGORIA"":[""Pescados""]}","[""Pescados""]",NULL,https://riba.app/imgrs/THUMBS%20500X500/24944.JPG,0,0,"[""103""]",2.030.000,2026-05-08 10:00:23
72055000210,ATUN AHUMADO REBANADO,ATUN AHUMADO REBANADO,ATUN AHUMADO REBANADO,insert,1,https://riba.app/imgrs/THUMBS%20500X500/79890.JPG,tabs/detalle-producto/79890,585.000,585.000,585.000,USD,1,,"{""MARCA"":[""GOURMAR""],""CATEGORIA"":[""Pescados""]}","[""Pescados""]",NULL,https://riba.app/imgrs/THUMBS%20500X500/79890.JPG,0,0,"[""103""]",585.000,2026-05-08 10:00:23
72055000222,GOURMAR ATUN TROZOS,GOURMAR ATUN TROZOS,GOURMAR ATUN TROZOS,insert,1,https://riba.app/imgrs/THUMBS%20500X500/254902.JPG,tabs/detalle-producto/254902,402.000,402.000,402.000,USD,1,,"{""MARCA"":[""GOURMAR""],""CATEGORIA"":[""Pescados""]}","[""Pescados""]",NULL,https://riba.app/imgrs/THUMBS%20500X500/254902.JPG,0,0,"[""103""]",402.000,2026-05-08 10:00:23
72055001090,GRAVAD SALMON 3 OZ  CON SALSA,GRAVAD SALMON 3 OZ  CON SALSA,GRAVAD SALMON 3 OZ  CON SALSA,insert,1,https://riba.app/imgrs/THUMBS%20500X500/24994.JPG,tabs/detalle-producto/24994,664.000,664.000,664.000,USD,1,,"{""MARCA"":[""GOURMAR""],""CATEGORIA"":[""Pescados""]}","[""Pescados""]",NULL,https://riba.app/imgrs/THUMBS%20500X500/24994.JPG,0,0,"[""103""]",664.000,2026-05-08 10:00:23
72055001186,PECECITOS APANADO ,PECECITOS APANADO ,PECECITOS APANADO ,insert,1,https://riba.app/imgrs/THUMBS%20500X500/262102.JPG,tabs/detalle-producto/262102,359.000,359.000,359.000,USD,1,,"{""MARCA"":[""GOURMAR""],""CATEGORIA"":[""Comidas Preparadas""]}","[""Comidas Preparadas""]",NULL,https://riba.app/imgrs/THUMBS%20500X500/262102.JPG,0,0,"[""91""]",359.000,2026-05-08 10:00:23
72055001189,FILETE MERLUZA APANADA ,FILETE MERLUZA APANADA ,FILETE MERLUZA APANADA ,insert,1,https://riba.app/imgrs/THUMBS%20500X500/273496.JPG,tabs/detalle-producto/273496,572.000,572.000,572.000,USD,1,,"{""MARCA"":[""GOURMAR""],""CATEGORIA"":[""Comidas Preparadas""]}","[""Comidas Preparadas""]",NULL,https://riba.app/imgrs/THUMBS%20500X500/273496.JPG,0,0,"[""91""]",572.000,2026-05-08 10:00:23
72055001198,SALMON FMLY PK MARINADO GOURMA,SALMON FMLY PK MARINADO GOURMA,SALMON FMLY PK MARINADO GOURMA,insert,1,https://riba.app/imgrs/THUMBS%20500X500/322251.JPG,tabs/detalle-producto/322251,2.213.000,2.213.000,2.213.000,USD,1,,"{""MARCA"":[""GOURMAR""],""CATEGORIA"":[""Pescados""]}","[""Pescados""]",NULL,https://riba.app/imgrs/THUMBS%20500X500/322251.JPG,0,0,"[""103""]",2.213.000,2026-05-08 10:00:23
72055001199,GOURMAR ATUN FRESCO FAMILY PAC,GOURMAR ATUN FRESCO FAMILY PAC,GOURMAR ATUN FRESCO FAMILY PAC,insert,1,https://riba.app/imgrs/THUMBS%20500X500/277830.JPG,tabs/detalle-producto/277830,1.338.000,1.338.000,1.338.000,USD,1,,"{""MARCA"":[""GOURMAR""],""CATEGORIA"":[""Pescados""]}","[""Pescados""]",NULL,https://riba.app/imgrs/THUMBS%20500X500/277830.JPG,0,0,"[""103""]",1.338.000,2026-05-08 10:00:23
72055002003,RODAJAS DE SALMON,RODAJAS DE SALMON,RODAJAS DE SALMON,insert,1,https://riba.app/imgrs/THUMBS%20500X500/290822.JPG,tabs/detalle-producto/290822,1.907.000,1.907.000,1.907.000,USD,1,,"{""MARCA"":[""GOURMAR""],""CATEGORIA"":[""Pescados""]}","[""Pescados""]",NULL,https://riba.app/imgrs/THUMBS%20500X500/290822.JPG,0,0,"[""103""]",1.907.000,2026-05-08 10:00:23
72055002016,SALMON EN CUBOS GOURMAR,SALMON EN CUBOS GOURMAR,SALMON EN CUBOS GOURMAR,insert,1,https://riba.app/imgrs/THUMBS%20500X500/344173.JPG,tabs/detalle-producto/344173,1.123.000,1.123.000,1.123.000,USD,1,,"{""MARCA"":[""GOURMAR""],""CATEGORIA"":[""Pescados""]}","[""Pescados""]",NULL,https://riba.app/imgrs/THUMBS%20500X500/344173.JPG,0,0,"[""103""]",1.123.000,2026-05-08 10:00:23
72055002019,DORADO DUOPACK GOURMAR,DORADO DUOPACK GOURMAR,DORADO DUOPACK GOURMAR,insert,1,https://riba.app/imgrs/THUMBS%20500X500/309754.JPG,tabs/detalle-producto/309754,733.000,733.000,733.000,USD,1,,"{""MARCA"":[""GOURMAR""],""CATEGORIA"":[""Pescados""]}","[""Pescados""]",NULL,https://riba.app/imgrs/THUMBS%20500X500/309754.JPG,0,0,"[""103""]",733.000,2026-05-08 10:00:23
72055002025,PACK SALMON GOURMAR NARANJA JE,PACK SALMON GOURMAR NARANJA JE,PACK SALMON GOURMAR NARANJA JE,insert,1,https://riba.app/imgrs/THUMBS%20500X500/309753.JPG,tabs/detalle-producto/309753,1.185.000,1.185.000,1.185.000,USD,1,,"{""MARCA"":[""GOURMAR""],""CATEGORIA"":[""Pescados""]}","[""Pescados""]",NULL,https://riba.app/imgrs/THUMBS%20500X500/309753.JPG,0,0,"[""103""]",1.185.000,2026-05-08 10:00:23
72055002028,CAMARON MEIDIANO GOURMAR,CAMARON MEIDIANO GOURMAR,CAMARON MEIDIANO GOURMAR,insert,1,https://riba.app/imgrs/THUMBS%20500X500/311559.JPG,tabs/detalle-producto/311559,872.000,872.000,872.000,USD,1,,"{""MARCA"":[""GOURMAR""],""CATEGORIA"":[""Frutos Del Mar""]}","[""Frutos Del Mar""]",NULL,https://riba.app/imgrs/THUMBS%20500X500/311559.JPG,0,0,"[""102""]",872.000,2026-05-08 10:00:23
72055002029,SALMON AHUMADO EV BAGEL,SALMON AHUMADO EV BAGEL,SALMON AHUMADO EV BAGEL,insert,1,https://riba.app/imgrs/THUMBS%20500X500/322254.JPG,tabs/detalle-producto/322254,666.000,666.000,666.000,USD,1,,"{""MARCA"":[""GOURMAR""],""CATEGORIA"":[""Pescados""]}","[""Pescados""]",NULL,https://riba.app/imgrs/THUMBS%20500X500/322254.JPG,0,0,"[""103""]",666.000,2026-05-08 10:00:23
72055002031,HAMBURGUESAS DE SALMON GOURMAR,HAMBURGUESAS DE SALMON GOURMAR,HAMBURGUESAS DE SALMON GOURMAR,insert,1,https://riba.app/imgrs/THUMBS%20500X500/333594.JPG,tabs/detalle-producto/333594,806.000,806.000,806.000,USD,1,,"{""MARCA"":[""GOURMAR""],""CATEGORIA"":[""Comidas Preparadas""]}","[""Comidas Preparadas""]",NULL,https://riba.app/imgrs/THUMBS%20500X500/333594.JPG,0,0,"[""91""]",806.000,2026-05-08 10:00:23
72055002034,SALMON GOURMAR AHUMADO PIMIENT,SALMON GOURMAR AHUMADO PIMIENT,SALMON GOURMAR AHUMADO PIMIENT,insert,1,https://riba.app/imgrs/THUMBS%20500X500/331187.JPG,tabs/detalle-producto/331187,618.000,618.000,618.000,USD,1,,"{""MARCA"":[""GOURMAR""],""CATEGORIA"":[""Pescados""]}","[""Pescados""]",NULL,https://riba.app/imgrs/THUMBS%20500X500/331187.JPG,0,0,"[""103""]",618.000,2026-05-08 10:00:23
72055002035,FILETE PESCADO APANADO ECOMAR,FILETE PESCADO APANADO ECOMAR,FILETE PESCADO APANADO ECOMAR,insert,1,https://riba.app/imgrs/THUMBS%20500X500/343613.JPG,tabs/detalle-producto/343613,269.000,269.000,269.000,USD,1,,"{""MARCA"":[""ECOMAR""],""CATEGORIA"":[""Comidas Preparadas""]}","[""Comidas Preparadas""]",NULL,https://riba.app/imgrs/THUMBS%20500X500/343613.JPG,0,0,"[""91""]",269.000,2026-05-08 10:00:23
72055002036,FILETE DE PESCADO MARINADO,FILETE DE PESCADO MARINADO,FILETE DE PESCADO MARINADO,insert,1,https://riba.app/imgrs/THUMBS%20500X500/343607.JPG,tabs/detalle-producto/343607,269.000,269.000,269.000,USD,1,,"{""MARCA"":[""ECOMAR""],""CATEGORIA"":[""Pescados""]}","[""Pescados""]",NULL,https://riba.app/imgrs/THUMBS%20500X500/343607.JPG,0,0,"[""103""]",269.000,2026-05-08 10:00:23
72055002037,BROCHETA DE PESCADO MOSTAZA ,BROCHETA DE PESCADO MOSTAZA ,BROCHETA DE PESCADO MOSTAZA ,insert,1,https://riba.app/imgrs/THUMBS%20500X500/343610.JPG,tabs/detalle-producto/343610,269.000,269.000,269.000,USD,1,,"{""MARCA"":[""ECOMAR""],""CATEGORIA"":[""Pescados""]}","[""Pescados""]",NULL,https://riba.app/imgrs/THUMBS%20500X500/343610.JPG,0,0,"[""103""]",269.000,2026-05-08 10:00:23
72055002075,MARISCOS MIXTO CONGELADO,MARISCOS MIXTO CONGELADO,MARISCOS MIXTO CONGELADO,insert,1,https://riba.app/imgrs/THUMBS%20500X500/226029.JPG,tabs/detalle-producto/226029,402.000,402.000,402.000,USD,1,,"{""MARCA"":[""GOURMAR""],""CATEGORIA"":[""Frutos Del Mar""]}","[""Frutos Del Mar""]",NULL,https://riba.app/imgrs/THUMBS%20500X500/226029.JPG,0,0,"[""102""]",402.000,2026-05-08 10:00:23
72055006666,SALMON AHUMADO PIMIENTA,SALMON AHUMADO PIMIENTA,SALMON AHUMADO PIMIENTA,insert,1,https://riba.app/imgrs/THUMBS%20500X500/187290.JPG,tabs/detalle-producto/187290,811.000,811.000,811.000,USD,1,,"{""MARCA"":[""GOURMAR""],""CATEGORIA"":[""Pescados""]}","[""Pescados""]",NULL,https://riba.app/imgrs/THUMBS%20500X500/187290.JPG,0,0,"[""103""]",811.000,2026-05-08 10:00:23
72055040153,SALMON FILETE PORCION CON PIEL,SALMON FILETE PORCION CON PIEL,SALMON FILETE PORCION CON PIEL,insert,1,https://riba.app/imgrs/THUMBS%20500X500/187289.JPG,tabs/detalle-producto/187289,812.000,812.000,812.000,USD,1,,"{""MARCA"":[""GOURMAR""],""CATEGORIA"":[""Pescados""]}","[""Pescados""]",NULL,https://riba.app/imgrs/THUMBS%20500X500/187289.JPG,0,0,"[""103""]",812.000,2026-05-08 10:00:23
72055040154,SALMON DUO PACK,SALMON DUO PACK,SALMON DUO PACK,insert,1,https://riba.app/imgrs/THUMBS%20500X500/234848.JPG,tabs/detalle-producto/234848,876.000,876.000,876.000,USD,1,,"{""MARCA"":[""GOURMAR""],""CATEGORIA"":[""Pescados""]}","[""Pescados""]",NULL,https://riba.app/imgrs/THUMBS%20500X500/234848.JPG,0,0,"[""103""]",876.000,2026-05-08 10:00:23
72055040155,SALMON  FAMILY FRESCO ,SALMON  FAMILY FRESCO ,SALMON  FAMILY FRESCO ,insert,1,https://riba.app/imgrs/THUMBS%20500X500/181357.JPG,tabs/detalle-producto/181357,1.650.000,1.650.000,1.650.000,USD,1,,"{""MARCA"":[""GOURMAR""],""CATEGORIA"":[""Pescados""]}","[""Pescados""]",NULL,https://riba.app/imgrs/THUMBS%20500X500/181357.JPG,0,0,"[""103""]",1.650.000,2026-05-08 10:00:23
72055040156,SALMON FILETE PORCION CON PIEL,SALMON FILETE PORCION CON PIEL,SALMON FILETE PORCION CON PIEL,insert,1,https://riba.app/imgrs/THUMBS%20500X500/187288.JPG,tabs/detalle-producto/187288,701.000,701.000,701.000,USD,1,,"{""MARCA"":[""GOURMAR""],""CATEGORIA"":[""Pescados""]}","[""Pescados""]",NULL,https://riba.app/imgrs/THUMBS%20500X500/187288.JPG,0,0,"[""103""]",701.000,2026-05-08 10:00:23
72055040159,SALMON DUO PACK MOSTAZA AJO ,SALMON DUO PACK MOSTAZA AJO ,SALMON DUO PACK MOSTAZA AJO ,insert,1,https://riba.app/imgrs/THUMBS%20500X500/242841.JPG,tabs/detalle-producto/242841,1.185.000,1.185.000,1.185.000,USD,1,,"{""MARCA"":[""GOURMAR""],""CATEGORIA"":[""Pescados""]}","[""Pescados""]",NULL,https://riba.app/imgrs/THUMBS%20500X500/242841.JPG,0,0,"[""103""]",1.185.000,2026-05-08 10:00:23
72055040199,SALMON DPACK SOYA SESAMO ,SALMON DPACK SOYA SESAMO ,SALMON DPACK SOYA SESAMO ,insert,1,https://riba.app/imgrs/THUMBS%20500X500/242842.JPG,tabs/detalle-producto/242842,1.185.000,1.185.000,1.185.000,USD,1,,"{""MARCA"":[""GOURMAR""],""CATEGORIA"":[""Pescados""]}","[""Pescados""]",NULL,https://riba.app/imgrs/THUMBS%20500X500/242842.JPG,0,0,"[""103""]",1.185.000,2026-05-08 10:00:23
72055040205,SALMON COHO GOURMAR,SALMON COHO GOURMAR,SALMON COHO GOURMAR,insert,1,https://riba.app/imgrs/THUMBS%20500X500/355785.JPG,tabs/detalle-producto/355785,749.000,749.000,749.000,USD,1,,"{""MARCA"":[""GOURMAR""],""CATEGORIA"":[""Pescados""]}","[""Pescados""]",NULL,https://riba.app/imgrs/THUMBS%20500X500/355785.JPG,0,0,"[""103""]",749.000,2026-05-08 10:00:23
7281028206,ATUN EN ACEITE & TROZOS DIETA,ATUN EN ACEITE & TROZOS DIETA,ATUN EN ACEITE & TROZOS DIETA,insert,1,https://riba.app/imgrs/THUMBS%20500X500/142346.JPG,tabs/detalle-producto/142346,214.000,214.000,214.000,USD,1,,"{""MARCA"":[""LIGO""],""CATEGORIA"":[""Conservas""]}","[""Conservas""]",NULL,https://riba.app/imgrs/THUMBS%20500X500/142346.JPG,0,0,"[""88""]",214.000,2026-05-08 10:00:23
7281029346,SARDINAS EN SALSA DE TOMATE,SARDINAS EN SALSA DE TOMATE,SARDINAS EN SALSA DE TOMATE,insert,1,https://riba.app/imgrs/THUMBS%20500X500/13046.JPG,tabs/detalle-producto/13046,111.000,111.000,111.000,USD,1,,"{""MARCA"":[""LIGO""],""CATEGORIA"":[""Conservas""]}","[""Conservas""]",NULL,https://riba.app/imgrs/THUMBS%20500X500/13046.JPG,0,0,"[""88""]",111.000,2026-05-08 10:00:23
7281029348,SARDINA EN SALSA TOMATE PICANT,SARDINA EN SALSA TOMATE PICANT,SARDINA EN SALSA TOMATE PICANT,insert,1,https://riba.app/imgrs/THUMBS%20500X500/15353.JPG,tabs/detalle-producto/15353,113.000,113.000,113.000,USD,1,,"{""MARCA"":[""LIGO""],""CATEGORIA"":[""Conservas""]}","[""Conservas""]",NULL,https://riba.app/imgrs/THUMBS%20500X500/15353.JPG,0,0,"[""88""]",113.000,2026-05-08 10:00:23
7281029644,ATUN CON MAIZ EN AGUA,ATUN CON MAIZ EN AGUA,ATUN CON MAIZ EN AGUA,insert,1,https://riba.app/imgrs/THUMBS%20500X500/168521.JPG,tabs/detalle-producto/168521,218.000,218.000,218.000,USD,1,,"{""MARCA"":[""LIGO""],""CATEGORIA"":[""Conservas""]}","[""Conservas""]",NULL,https://riba.app/imgrs/THUMBS%20500X500/168521.JPG,0,0,"[""88""]",218.000,2026-05-08 10:00:23
7281029648,ATUN CON VEGETALES EN AGUA,ATUN CON VEGETALES EN AGUA,ATUN CON VEGETALES EN AGUA,insert,1,https://riba.app/imgrs/THUMBS%20500X500/168564.JPG,tabs/detalle-producto/168564,214.000,214.000,214.000,USD,1,,"{""MARCA"":[""LIGO""],""CATEGORIA"":[""Conservas""]}","[""Conservas""]",NULL,https://riba.app/imgrs/THUMBS%20500X500/168564.JPG,0,0,"[""88""]",214.000,2026-05-08 10:00:23
7281029652,ATUN JALAPEÑA EN AGUA,ATUN JALAPEÑA EN AGUA,ATUN JALAPEÑA EN AGUA,insert,1,https://riba.app/imgrs/THUMBS%20500X500/168565.JPG,tabs/detalle-producto/168565,229.000,229.000,229.000,USD,1,,"{""MARCA"":[""LIGO""],""CATEGORIA"":[""Conservas""]}","[""Conservas""]",NULL,https://riba.app/imgrs/THUMBS%20500X500/168565.JPG,0,0,"[""88""]",229.000,2026-05-08 10:00:23
7281032280,SARDINA EN SALSA  DE TOMATE,SARDINA EN SALSA  DE TOMATE,SARDINA EN SALSA  DE TOMATE,insert,1,https://riba.app/imgrs/THUMBS%20500X500/166809.JPG,tabs/detalle-producto/166809,286.000,286.000,286.000,USD,1,,"{""MARCA"":[""LIGO""],""CATEGORIA"":[""Conservas""]}","[""Conservas""]",NULL,https://riba.app/imgrs/THUMBS%20500X500/166809.JPG,0,0,"[""88""]",286.000,2026-05-08 10:00:23
7281032295,SARDINA SALSA TOMATE PICANTE ,SARDINA SALSA TOMATE PICANTE ,SARDINA SALSA TOMATE PICANTE ,insert,1,https://riba.app/imgrs/THUMBS%20500X500/166808.JPG,tabs/detalle-producto/166808,288.000,288.000,288.000,USD,1,,"{""MARCA"":[""LIGO""],""CATEGORIA"":[""Conservas""]}","[""Conservas""]",NULL,https://riba.app/imgrs/THUMBS%20500X500/166808.JPG,0,0,"[""88""]",288.000,2026-05-08 10:00:23
72857594027,COD FILLETS BATTERED PUB STYLE,COD FILLETS BATTERED PUB STYLE,COD FILLETS BATTERED PUB STYLE,insert,1,https://riba.app/imgrs/THUMBS%20500X500/271867.JPG,tabs/detalle-producto/271867,1.685.000,1.685.000,1.685.000,USD,1,,"{""MARCA"":[""ORCABAY""],""CATEGORIA"":[""Comidas Preparadas""]}","[""Comidas Preparadas""]",NULL,https://riba.app/imgrs/THUMBS%20500X500/271867.JPG,0,0,"[""91""]",1.685.000,2026-05-08 10:00:23
72857594031,OBAY BREADED FLOUNDER FILLETS,OBAY BREADED FLOUNDER FILLETS,OBAY BREADED FLOUNDER FILLETS,insert,1,https://riba.app/imgrs/THUMBS%20500X500/284251.JPG,tabs/detalle-producto/284251,1.315.000,1.315.000,1.315.000,USD,1,,"{""MARCA"":[""ORCABAY""],""CATEGORIA"":[""Comidas Preparadas""]}","[""Comidas Preparadas""]",NULL,https://riba.app/imgrs/THUMBS%20500X500/284251.JPG,0,0,"[""91""]",1.315.000,2026-05-08 10:00:23
73206479958,BACALAO EN CONSERVA DE LA CASA,BACALAO EN CONSERVA DE LA CASA,BACALAO EN CONSERVA DE LA CASA,insert,1,https://riba.app/imgrs/THUMBS%20500X500/297765.JPG,tabs/detalle-producto/297765,759.000,759.000,759.000,USD,1,,"{""MARCA"":[""DE LA CASA""],""CATEGORIA"":[""Conservas""]}","[""Conservas""]",NULL,https://riba.app/imgrs/THUMBS%20500X500/297765.JPG,0,0,"[""88""]",759.000,2026-05-08 10:00:23
73206479959,ATUN EN CONSERVA DE LA CASA,ATUN EN CONSERVA DE LA CASA,ATUN EN CONSERVA DE LA CASA,insert,1,https://riba.app/imgrs/THUMBS%20500X500/297766.JPG,tabs/detalle-producto/297766,759.000,759.000,759.000,USD,1,,"{""MARCA"":[""DE LA CASA""],""CATEGORIA"":[""Conservas""]}","[""Conservas""]",NULL,https://riba.app/imgrs/THUMBS%20500X500/297766.JPG,0,0,"[""88""]",759.000,2026-05-08 10:00:23
73980245794,MIXTO DE MARISCOS 1 LB,MIXTO DE MARISCOS 1 LB,MIXTO DE MARISCOS 1 LB,insert,1,https://riba.app/imgrs/THUMBS%20500X500/309534.JPG,tabs/detalle-producto/309534,458.000,458.000,458.000,USD,1,,"{""MARCA"":[""COMACA FOODS""],""CATEGORIA"":[""Frutos Del Mar""]}","[""Frutos Del Mar""]",NULL,https://riba.app/imgrs/THUMBS%20500X500/309534.JPG,0,0,"[""102""]",458.000,2026-05-08 10:00:23
73980245795,CAMARON LIMPIO 1LB,CAMARON LIMPIO 1LB,CAMARON LIMPIO 1LB,insert,1,https://riba.app/imgrs/THUMBS%20500X500/309533.JPG,tabs/detalle-producto/309533,1.046.000,1.046.000,1.046.000,USD,1,,"{""MARCA"":[""COMACA FOODS""],""CATEGORIA"":[""Frutos Del Mar""]}","[""Frutos Del Mar""]",NULL,https://riba.app/imgrs/THUMBS%20500X500/309533.JPG,0,0,"[""102""]",1.046.000,2026-05-08 10:00:23
73980245798,FILETE MERO 1 LB,FILETE MERO 1 LB,FILETE MERO 1 LB,insert,1,https://riba.app/imgrs/THUMBS%20500X500/309531.JPG,tabs/detalle-producto/309531,1.639.000,1.639.000,1.639.000,USD,1,,"{""MARCA"":[""COMACA FOODS""],""CATEGORIA"":[""Pescados""]}","[""Pescados""]",NULL,https://riba.app/imgrs/THUMBS%20500X500/309531.JPG,0,0,"[""103""]",1.639.000,2026-05-08 10:00:23
741003139202,ATUN TROC CALVO JALAP AC,ATUN TROC CALVO JALAP AC,ATUN TROC CALVO JALAP AC,insert,1,https://riba.app/imgrs/THUMBS%20500X500/251337.JPG,tabs/detalle-producto/251337,221.000,221.000,221.000,USD,1,,"{""MARCA"":[""CALVO""],""CATEGORIA"":[""Conservas""]}","[""Conservas""]",NULL,https://riba.app/imgrs/THUMBS%20500X500/251337.JPG,0,0,"[""88""]",221.000,2026-05-08 10:00:23
741003139289,ATUN EN ACEITE VEGETAL CUADRIT,ATUN EN ACEITE VEGETAL CUADRIT,ATUN EN ACEITE VEGETAL CUADRIT,insert,1,https://riba.app/imgrs/THUMBS%20500X500/173898.JPG,tabs/detalle-producto/173898,160.000,160.000,160.000,USD,1,,"{""MARCA"":[""CALVO""],""CATEGORIA"":[""Conservas""]}","[""Conservas""]",NULL,https://riba.app/imgrs/THUMBS%20500X500/173898.JPG,0,0,"[""88""]",160.000,2026-05-08 10:00:23
741003139290,ATUN EN ACEITE VEGETAL CUADRIT,ATUN EN ACEITE VEGETAL CUADRIT,ATUN EN ACEITE VEGETAL CUADRIT,insert,1,https://riba.app/imgrs/THUMBS%20500X500/123726.JPG,tabs/detalle-producto/123726,206.000,206.000,206.000,USD,1,,"{""MARCA"":[""CALVO""],""CATEGORIA"":[""Conservas""]}","[""Conservas""]",NULL,https://riba.app/imgrs/THUMBS%20500X500/123726.JPG,0,0,"[""88""]",206.000,2026-05-08 10:00:23
741003139291,ATUN LOMO EN TROZOS EN AGUA,ATUN LOMO EN TROZOS EN AGUA,ATUN LOMO EN TROZOS EN AGUA,insert,1,https://riba.app/imgrs/THUMBS%20500X500/123727.JPG,tabs/detalle-producto/123727,199.000,199.000,199.000,USD,1,,"{""MARCA"":[""CALVO""],""CATEGORIA"":[""Conservas""]}","[""Conservas""]",NULL,https://riba.app/imgrs/THUMBS%20500X500/123727.JPG,0,0,"[""88""]",199.000,2026-05-08 10:00:23
741003139292,ATUN CON VEGETALES EN CUADRITO,ATUN CON VEGETALES EN CUADRITO,ATUN CON VEGETALES EN CUADRITO,insert,1,https://riba.app/imgrs/THUMBS%20500X500/127046.JPG,tabs/detalle-producto/127046,189.000,189.000,189.000,USD,1,,"{""MARCA"":[""CALVO""],""CATEGORIA"":[""Conservas""]}","[""Conservas""]",NULL,https://riba.app/imgrs/THUMBS%20500X500/127046.JPG,0,0,"[""88""]",189.000,2026-05-08 10:00:23
741003139295,ATUN EN TROZO  AHUMADO,ATUN EN TROZO  AHUMADO,ATUN EN TROZO  AHUMADO,insert,1,https://riba.app/imgrs/THUMBS%20500X500/230076.JPG,tabs/detalle-producto/230076,218.000,218.000,218.000,USD,1,,"{""MARCA"":[""CALVO""],""CATEGORIA"":[""Conservas""]}","[""Conservas""]",NULL,https://riba.app/imgrs/THUMBS%20500X500/230076.JPG,0,0,"[""88""]",218.000,2026-05-08 10:00:23
741003139296,ATUN CON MAIZ EN CUADRITOS,ATUN CON MAIZ EN CUADRITOS,ATUN CON MAIZ EN CUADRITOS,insert,1,https://riba.app/imgrs/THUMBS%20500X500/129600.JPG,tabs/detalle-producto/129600,215.000,215.000,215.000,USD,1,,"{""MARCA"":[""CALVO""],""CATEGORIA"":[""Conservas""]}","[""Conservas""]",NULL,https://riba.app/imgrs/THUMBS%20500X500/129600.JPG,0,0,"[""88""]",215.000,2026-05-08 10:00:23
741003139307,CALVO ATUN CON VEGETALES,CALVO ATUN CON VEGETALES,CALVO ATUN CON VEGETALES,insert,1,https://riba.app/imgrs/THUMBS%20500X500/287173.JPG,tabs/detalle-producto/287173,544.000,544.000,544.000,USD,1,,"{""MARCA"":[""CALVO""],""CATEGORIA"":[""Conservas""]}","[""Conservas""]",NULL,https://riba.app/imgrs/THUMBS%20500X500/287173.JPG,0,0,"[""88""]",544.000,2026-05-08 10:00:23
741003139315,TROZOS ACEITE VEGETAL 142G,TROZOS ACEITE VEGETAL 142G,TROZOS ACEITE VEGETAL 142G,insert,1,https://riba.app/imgrs/THUMBS%20500X500/278761.JPG,tabs/detalle-producto/278761,137.000,137.000,137.000,USD,1,,"{""MARCA"":[""MAR DE PLATA ""],""CATEGORIA"":[""Conservas""]}","[""Conservas""]",NULL,https://riba.app/imgrs/THUMBS%20500X500/278761.JPG,0,0,"[""88""]",137.000,2026-05-08 10:00:23
741003139318,ATUN VEGET MAR D PLATA 142G,ATUN VEGET MAR D PLATA 142G,ATUN VEGET MAR D PLATA 142G,insert,1,https://riba.app/imgrs/THUMBS%20500X500/278760.JPG,tabs/detalle-producto/278760,141.000,141.000,141.000,USD,1,,"{""MARCA"":[""MAR DE PLATA ""],""CATEGORIA"":[""Conservas""]}","[""Conservas""]",NULL,https://riba.app/imgrs/THUMBS%20500X500/278760.JPG,0,0,"[""88""]",141.000,2026-05-08 10:00:23
741003139366,ATUN EN AGUA LOMO DIETA,ATUN EN AGUA LOMO DIETA,ATUN EN AGUA LOMO DIETA,insert,1,https://riba.app/imgrs/THUMBS%20500X500/123725.JPG,tabs/detalle-producto/123725,254.000,254.000,254.000,USD,1,,"{""MARCA"":[""CALVO""],""CATEGORIA"":[""Conservas""]}","[""Conservas""]",NULL,https://riba.app/imgrs/THUMBS%20500X500/123725.JPG,0,0,"[""88""]",254.000,2026-05-08 10:00:23
741003139494,FIL ATUN ACEITE CON JALAPEÑO,FIL ATUN ACEITE CON JALAPEÑO,FIL ATUN ACEITE CON JALAPEÑO,insert,1,https://riba.app/imgrs/THUMBS%20500X500/267752.JPG,tabs/detalle-producto/267752,605.000,605.000,605.000,USD,1,,"{""MARCA"":[""CALVO""],""CATEGORIA"":[""Conservas""]}","[""Conservas""]",NULL,https://riba.app/imgrs/THUMBS%20500X500/267752.JPG,0,0,"[""88""]",605.000,2026-05-08 10:00:23
741003139495,FILETES ATUN ACEITE OLIVA ,FILETES ATUN ACEITE OLIVA ,FILETES ATUN ACEITE OLIVA ,insert,1,https://riba.app/imgrs/THUMBS%20500X500/267753.JPG,tabs/detalle-producto/267753,602.000,602.000,602.000,USD,1,,"{""MARCA"":[""CALVO""],""CATEGORIA"":[""Conservas""]}","[""Conservas""]",NULL,https://riba.app/imgrs/THUMBS%20500X500/267753.JPG,0,0,"[""88""]",602.000,2026-05-08 10:00:23
741003139594,FILETE ATUN EN AGUA ,FILETE ATUN EN AGUA ,FILETE ATUN EN AGUA ,insert,1,https://riba.app/imgrs/THUMBS%20500X500/272720.JPG,tabs/detalle-producto/272720,605.000,605.000,605.000,USD,1,,"{""MARCA"":[""CALVO""],""CATEGORIA"":[""Conservas""]}","[""Conservas""]",NULL,https://riba.app/imgrs/THUMBS%20500X500/272720.JPG,0,0,"[""88""]",605.000,2026-05-08 10:00:23
741003139632,TROZOS DE ATUN AHUMADO CALVO,TROZOS DE ATUN AHUMADO CALVO,TROZOS DE ATUN AHUMADO CALVO,insert,1,https://riba.app/imgrs/THUMBS%20500X500/351769.JPG,tabs/detalle-producto/351769,592.000,592.000,592.000,USD,1,,"{""MARCA"":[""CALVO""],""CATEGORIA"":[""Conservas""]}","[""Conservas""]",NULL,https://riba.app/imgrs/THUMBS%20500X500/351769.JPG,0,0,"[""88""]",592.000,2026-05-08 10:00:23
741003139708,CALVO ATUN TROZO ACE VEGE,CALVO ATUN TROZO ACE VEGE,CALVO ATUN TROZO ACE VEGE,insert,1,https://riba.app/imgrs/THUMBS%20500X500/287174.JPG,tabs/detalle-producto/287174,561.000,561.000,561.000,USD,1,,"{""MARCA"":[""CALVO""],""CATEGORIA"":[""Conservas""]}","[""Conservas""]",NULL,https://riba.app/imgrs/THUMBS%20500X500/287174.JPG,0,0,"[""88""]",561.000,2026-05-08 10:00:23
741003139731,CALVO ATUN TROZ AGUA 142G,CALVO ATUN TROZ AGUA 142G,CALVO ATUN TROZ AGUA 142G,insert,1,https://riba.app/imgrs/THUMBS%20500X500/287175.JPG,tabs/detalle-producto/287175,561.000,561.000,561.000,USD,1,,"{""MARCA"":[""CALVO""],""CATEGORIA"":[""Conservas""]}","[""Conservas""]",NULL,https://riba.app/imgrs/THUMBS%20500X500/287175.JPG,0,0,"[""88""]",561.000,2026-05-08 10:00:23
741003139750,3PK ATUN AHUMADO CALVO,3PK ATUN AHUMADO CALVO,3PK ATUN AHUMADO CALVO,insert,1,https://riba.app/imgrs/THUMBS%20500X500/319163.JPG,tabs/detalle-producto/319163,610.000,610.000,610.000,USD,1,,"{""MARCA"":[""CALVO""],""CATEGORIA"":[""Conservas""]}","[""Conservas""]",NULL,https://riba.app/imgrs/THUMBS%20500X500/319163.JPG,0,0,"[""88""]",610.000,2026-05-08 10:00:23
741003139830,MAR DE PLATA TROZOS ATUN AGUA,MAR DE PLATA TROZOS ATUN AGUA,MAR DE PLATA TROZOS ATUN AGUA,insert,1,https://riba.app/imgrs/THUMBS%20500X500/332726.JPG,tabs/detalle-producto/332726,137.000,137.000,137.000,USD,1,,"{""MARCA"":[""MAR DE PLATA ""],""CATEGORIA"":[""Conservas""]}","[""Conservas""]",NULL,https://riba.app/imgrs/THUMBS%20500X500/332726.JPG,0,0,"[""88""]",137.000,2026-05-08 10:00:23
741003139887,ATUN TROZO EN ACEITE VEGETAL,ATUN TROZO EN ACEITE VEGETAL,ATUN TROZO EN ACEITE VEGETAL,insert,1,https://riba.app/imgrs/THUMBS%20500X500/355751.JPG,tabs/detalle-producto/355751,155.000,155.000,155.000,USD,1,,"{""MARCA"":[""CALVO""],""CATEGORIA"":[""Conservas""]}","[""Conservas""]",NULL,https://riba.app/imgrs/THUMBS%20500X500/355751.JPG,0,0,"[""88""]",155.000,2026-05-08 10:00:23
741003139888,ATUN EN TROZO CON VEGETALES,ATUN EN TROZO CON VEGETALES,ATUN EN TROZO CON VEGETALES,insert,1,https://riba.app/imgrs/THUMBS%20500X500/355755.JPG,tabs/detalle-producto/355755,155.000,155.000,155.000,USD,1,,"{""MARCA"":[""CALVO""],""CATEGORIA"":[""Conservas""]}","[""Conservas""]",NULL,https://riba.app/imgrs/THUMBS%20500X500/355755.JPG,0,0,"[""88""]",155.000,2026-05-08 10:00:23
741003139890,ATUN CALVO TROZOS EN AGUA ,ATUN CALVO TROZOS EN AGUA ,ATUN CALVO TROZOS EN AGUA ,insert,1,https://riba.app/imgrs/THUMBS%20500X500/353881.JPG,tabs/detalle-producto/353881,155.000,155.000,155.000,USD,1,,"{""MARCA"":[""CALVO""],""CATEGORIA"":[""Conservas""]}","[""Conservas""]",NULL,https://riba.app/imgrs/THUMBS%20500X500/353881.JPG,0,0,"[""88""]",155.000,2026-05-08 10:00:23
741003139910,4PACK ATUN TROZOS ACEITE VEGET,4PACK ATUN TROZOS ACEITE VEGET,4PACK ATUN TROZOS ACEITE VEGET,insert,1,https://riba.app/imgrs/THUMBS%20500X500/355749.JPG,tabs/detalle-producto/355749,553.000,553.000,553.000,USD,1,,"{""MARCA"":[""CALVO""],""CATEGORIA"":[""Conservas""]}","[""Conservas""]",NULL,https://riba.app/imgrs/THUMBS%20500X500/355749.JPG,0,0,"[""88""]",553.000,2026-05-08 10:00:23
741003139911,4PK ATUN CALVO TROZOS AGUA ,4PK ATUN CALVO TROZOS AGUA ,4PK ATUN CALVO TROZOS AGUA ,insert,1,https://riba.app/imgrs/THUMBS%20500X500/353879.JPG,tabs/detalle-producto/353879,553.000,553.000,553.000,USD,1,,"{""MARCA"":[""CALVO""],""CATEGORIA"":[""Conservas""]}","[""Conservas""]",NULL,https://riba.app/imgrs/THUMBS%20500X500/353879.JPG,0,0,"[""88""]",553.000,2026-05-08 10:00:23
741003139913,ATUN LOMO TROZO CON VEGTAL 4PK,ATUN LOMO TROZO CON VEGTAL 4PK,ATUN LOMO TROZO CON VEGTAL 4PK,insert,1,https://riba.app/imgrs/THUMBS%20500X500/355750.JPG,tabs/detalle-producto/355750,553.000,553.000,553.000,USD,1,,"{""MARCA"":[""CALVO""],""CATEGORIA"":[""Conservas""]}","[""Conservas""]",NULL,https://riba.app/imgrs/THUMBS%20500X500/355750.JPG,0,0,"[""88""]",553.000,2026-05-08 10:00:23
741003139965,ATUN TROCITOS AHUMADO ACEITE,ATUN TROCITOS AHUMADO ACEITE,ATUN TROCITOS AHUMADO ACEITE,insert,1,https://riba.app/imgrs/THUMBS%20500X500/357859.JPG,tabs/detalle-producto/357859,155.000,155.000,155.000,USD,1,,"{""MARCA"":[""CALVO""],""CATEGORIA"":[""Conservas""]}","[""Conservas""]",NULL,https://riba.app/imgrs/THUMBS%20500X500/357859.JPG,0,0,"[""88""]",155.000,2026-05-08 10:00:23
741003139983,ATUN 3PACK AHUMADO CALVO,ATUN 3PACK AHUMADO CALVO,ATUN 3PACK AHUMADO CALVO,insert,1,https://riba.app/imgrs/THUMBS%20500X500/357860.JPG,tabs/detalle-producto/357860,462.000,462.000,462.000,USD,1,,"{""MARCA"":[""CALVO""],""CATEGORIA"":[""Conservas""]}","[""Conservas""]",NULL,https://riba.app/imgrs/THUMBS%20500X500/357860.JPG,0,0,"[""88""]",462.000,2026-05-08 10:00:23
744100260455,ATUN CON JALAPEÑO EN AGUA,ATUN CON JALAPEÑO EN AGUA,ATUN CON JALAPEÑO EN AGUA,insert,1,https://riba.app/imgrs/THUMBS%20500X500/4244.JPG,tabs/detalle-producto/4244,246.000,246.000,246.000,USD,1,,"{""MARCA"":[""BLUE PACIFIC""],""CATEGORIA"":[""Conservas""]}","[""Conservas""]",NULL,https://riba.app/imgrs/THUMBS%20500X500/4244.JPG,0,0,"[""88""]",246.000,2026-05-08 10:00:23
744100260477,ATUN EN ACEITE AHUMADO & TROZO,ATUN EN ACEITE AHUMADO & TROZO,ATUN EN ACEITE AHUMADO & TROZO,insert,1,https://riba.app/imgrs/THUMBS%20500X500/4256.JPG,tabs/detalle-producto/4256,233.000,233.000,233.000,USD,1,,"{""MARCA"":[""BLUE PACIFIC""],""CATEGORIA"":[""Conservas""]}","[""Conservas""]",NULL,https://riba.app/imgrs/THUMBS%20500X500/4256.JPG,0,0,"[""88""]",233.000,2026-05-08 10:00:23
744100260478,ATUN CON MAIZ DULCE EN TROZOS,ATUN CON MAIZ DULCE EN TROZOS,ATUN CON MAIZ DULCE EN TROZOS,insert,1,https://riba.app/imgrs/THUMBS%20500X500/4257.JPG,tabs/detalle-producto/4257,245.000,245.000,245.000,USD,1,,"{""MARCA"":[""BLUE PACIFIC""],""CATEGORIA"":[""Conservas""]}","[""Conservas""]",NULL,https://riba.app/imgrs/THUMBS%20500X500/4257.JPG,0,0,"[""88""]",245.000,2026-05-08 10:00:23
744100263324,ATUN CON VEGETALES EN AGUA DIE,ATUN CON VEGETALES EN AGUA DIE,ATUN CON VEGETALES EN AGUA DIE,insert,1,https://riba.app/imgrs/THUMBS%20500X500/184610.JPG,tabs/detalle-producto/184610,244.000,244.000,244.000,USD,1,,"{""MARCA"":[""BLUE PACIFIC""],""CATEGORIA"":[""Conservas""]}","[""Conservas""]",NULL,https://riba.app/imgrs/THUMBS%20500X500/184610.JPG,0,0,"[""88""]",244.000,2026-05-08 10:00:23
744100263404,ATUN AHUMADO DIETA & TROZOS,ATUN AHUMADO DIETA & TROZOS,ATUN AHUMADO DIETA & TROZOS,insert,1,https://riba.app/imgrs/THUMBS%20500X500/201869.JPG,tabs/detalle-producto/201869,243.000,243.000,243.000,USD,1,,"{""MARCA"":[""BLUE PACIFIC""],""CATEGORIA"":[""Conservas""]}","[""Conservas""]",NULL,https://riba.app/imgrs/THUMBS%20500X500/201869.JPG,0,0,"[""88""]",243.000,2026-05-08 10:00:23
744100263569,SARDINA BLUE PACIFIC PICANTE,SARDINA BLUE PACIFIC PICANTE,SARDINA BLUE PACIFIC PICANTE,insert,1,https://riba.app/imgrs/THUMBS%20500X500/301050.JPG,tabs/detalle-producto/301050,267.000,267.000,267.000,USD,1,,"{""MARCA"":[""BLUE PACIFIC""],""CATEGORIA"":[""Conservas""]}","[""Conservas""]",NULL,https://riba.app/imgrs/THUMBS%20500X500/301050.JPG,0,0,"[""88""]",267.000,2026-05-08 10:00:23
744100263605,SARDINA BPACIFIC DULCE,SARDINA BPACIFIC DULCE,SARDINA BPACIFIC DULCE,insert,1,https://riba.app/imgrs/THUMBS%20500X500/301049.JPG,tabs/detalle-producto/301049,267.000,267.000,267.000,USD,1,,"{""MARCA"":[""BLUE PACIFIC""],""CATEGORIA"":[""Conservas""]}","[""Conservas""]",NULL,https://riba.app/imgrs/THUMBS%20500X500/301049.JPG,0,0,"[""88""]",267.000,2026-05-08 10:00:23
744100263690,FILETE ATUN OREGANO ,FILETE ATUN OREGANO ,FILETE ATUN OREGANO ,insert,1,https://riba.app/imgrs/THUMBS%20500X500/260848.JPG,tabs/detalle-producto/260848,685.000,685.000,685.000,USD,1,,"{""MARCA"":[""TONNINO""],""CATEGORIA"":[""Conservas""]}","[""Conservas""]",NULL,https://riba.app/imgrs/THUMBS%20500X500/260848.JPG,0,0,"[""88""]",685.000,2026-05-08 10:00:23
744100263760,ATUN VENTRESCAS JALAPEÑO,ATUN VENTRESCAS JALAPEÑO,ATUN VENTRESCAS JALAPEÑO,insert,1,https://riba.app/imgrs/THUMBS%20500X500/260849.JPG,tabs/detalle-producto/260849,723.000,723.000,723.000,USD,1,,"{""MARCA"":[""TONNINO""],""CATEGORIA"":[""Conservas""]}","[""Conservas""]",NULL,https://riba.app/imgrs/THUMBS%20500X500/260849.JPG,0,0,"[""88""]",723.000,2026-05-08 10:00:23
744100263761,TONNINO FILETE DE ATUN EN AGUA,TONNINO FILETE DE ATUN EN AGUA,TONNINO FILETE DE ATUN EN AGUA,insert,1,https://riba.app/imgrs/THUMBS%20500X500/292951.JPG,tabs/detalle-producto/292951,687.000,687.000,687.000,USD,1,,"{""MARCA"":[""BLUE PACIFIC""],""CATEGORIA"":[""Conservas""]}","[""Conservas""]",NULL,https://riba.app/imgrs/THUMBS%20500X500/292951.JPG,0,0,"[""88""]",687.000,2026-05-08 10:00:23
744100263765,ATUN VENTRESCA ACEITE OLIVA,ATUN VENTRESCA ACEITE OLIVA,ATUN VENTRESCA ACEITE OLIVA,insert,1,https://riba.app/imgrs/THUMBS%20500X500/247814.JPG,tabs/detalle-producto/247814,717.000,717.000,717.000,USD,1,,"{""MARCA"":[""TONNINO""],""CATEGORIA"":[""Conservas""]}","[""Conservas""]",NULL,https://riba.app/imgrs/THUMBS%20500X500/247814.JPG,0,0,"[""88""]",717.000,2026-05-08 10:00:23
744100263796,ATUN TROCITOS Y VEGETALES SPLA,ATUN TROCITOS Y VEGETALES SPLA,ATUN TROCITOS Y VEGETALES SPLA,insert,1,https://riba.app/imgrs/THUMBS%20500X500/341035.JPG,tabs/detalle-producto/341035,137.000,137.000,137.000,USD,1,,"{""MARCA"":[""SPLASH""],""CATEGORIA"":[""Conservas""]}","[""Conservas""]",NULL,https://riba.app/imgrs/THUMBS%20500X500/341035.JPG,0,0,"[""88""]",137.000,2026-05-08 10:00:23
744100263798,ATUN TROZOS ACEITE SPLASH,ATUN TROZOS ACEITE SPLASH,ATUN TROZOS ACEITE SPLASH,insert,1,https://riba.app/imgrs/THUMBS%20500X500/341025.JPG,tabs/detalle-producto/341025,137.000,137.000,137.000,USD,1,,"{""MARCA"":[""SPLASH""],""CATEGORIA"":[""Conservas""]}","[""Conservas""]",NULL,https://riba.app/imgrs/THUMBS%20500X500/341025.JPG,0,0,"[""88""]",137.000,2026-05-08 10:00:23
744100263945,FILETE ATUN OLIVA,FILETE ATUN OLIVA,FILETE ATUN OLIVA,insert,1,https://riba.app/imgrs/THUMBS%20500X500/260850.JPG,tabs/detalle-producto/260850,684.000,684.000,684.000,USD,1,,"{""MARCA"":[""TONNINO""],""CATEGORIA"":[""Conservas""]}","[""Conservas""]",NULL,https://riba.app/imgrs/THUMBS%20500X500/260850.JPG,0,0,"[""88""]",684.000,2026-05-08 10:00:23
744100264529,ATUN EN TROZOS AGUA BAJO SAL,ATUN EN TROZOS AGUA BAJO SAL,ATUN EN TROZOS AGUA BAJO SAL,insert,1,https://riba.app/imgrs/THUMBS%20500X500/340802.JPG,tabs/detalle-producto/340802,216.000,216.000,216.000,USD,1,,"{""MARCA"":[""BLUE PACIFIC""],""CATEGORIA"":[""Conservas""]}","[""Conservas""]",NULL,https://riba.app/imgrs/THUMBS%20500X500/340802.JPG,0,0,"[""88""]",216.000,2026-05-08 10:00:23
744100264910,ATUN SPLASH TROCO EN AGUAS,ATUN SPLASH TROCO EN AGUAS,ATUN SPLASH TROCO EN AGUAS,insert,1,https://riba.app/imgrs/THUMBS%20500X500/341023.JPG,tabs/detalle-producto/341023,137.000,137.000,137.000,USD,1,,"{""MARCA"":[""SPLASH""],""CATEGORIA"":[""Conservas""]}","[""Conservas""]",NULL,https://riba.app/imgrs/THUMBS%20500X500/341023.JPG,0,0,"[""88""]",137.000,2026-05-08 10:00:23
744100265072,ATUN EN LOMOS ACEITE OLIVA,ATUN EN LOMOS ACEITE OLIVA,ATUN EN LOMOS ACEITE OLIVA,insert,1,https://riba.app/imgrs/THUMBS%20500X500/336350.JPG,tabs/detalle-producto/336350,265.000,265.000,265.000,USD,1,,"{""MARCA"":[""BLUE PACIFIC""],""CATEGORIA"":[""Conservas""]}","[""Conservas""]",NULL,https://riba.app/imgrs/THUMBS%20500X500/336350.JPG,0,0,"[""88""]",265.000,2026-05-08 10:00:23
744100265073,ATUN BP LOMO EN ACEITE,ATUN BP LOMO EN ACEITE,ATUN BP LOMO EN ACEITE,insert,1,https://riba.app/imgrs/THUMBS%20500X500/336351.JPG,tabs/detalle-producto/336351,216.000,216.000,216.000,USD,1,,"{""MARCA"":[""BLUE PACIFIC""],""CATEGORIA"":[""Conservas""]}","[""Conservas""]",NULL,https://riba.app/imgrs/THUMBS%20500X500/336351.JPG,0,0,"[""88""]",216.000,2026-05-08 10:00:23
744100265074,ATUN EN LOMO AGUA BLUE PACIFIC,ATUN EN LOMO AGUA BLUE PACIFIC,ATUN EN LOMO AGUA BLUE PACIFIC,insert,1,https://riba.app/imgrs/THUMBS%20500X500/336353.JPG,tabs/detalle-producto/336353,216.000,216.000,216.000,USD,1,,"{""MARCA"":[""BLUE PACIFIC""],""CATEGORIA"":[""Conservas""]}","[""Conservas""]",NULL,https://riba.app/imgrs/THUMBS%20500X500/336353.JPG,0,0,"[""88""]",216.000,2026-05-08 10:00:23
744100265097,ATUN BLUE P VEGETALES EN LOMO,ATUN BLUE P VEGETALES EN LOMO,ATUN BLUE P VEGETALES EN LOMO,insert,1,https://riba.app/imgrs/THUMBS%20500X500/328927.JPG,tabs/detalle-producto/328927,207.000,207.000,207.000,USD,1,,"{""MARCA"":[""BLUE PACIFIC""],""CATEGORIA"":[""Conservas""]}","[""Conservas""]",NULL,https://riba.app/imgrs/THUMBS%20500X500/328927.JPG,0,0,"[""88""]",207.000,2026-05-08 10:00:23
744100265098,ATUN BP LOMO TROZOS EN AGUA,ATUN BP LOMO TROZOS EN AGUA,ATUN BP LOMO TROZOS EN AGUA,insert,1,https://riba.app/imgrs/THUMBS%20500X500/328928.JPG,tabs/detalle-producto/328928,207.000,207.000,207.000,USD,1,,"{""MARCA"":[""BLUE PACIFIC""],""CATEGORIA"":[""Conservas""]}","[""Conservas""]",NULL,https://riba.app/imgrs/THUMBS%20500X500/328928.JPG,0,0,"[""88""]",207.000,2026-05-08 10:00:23
744100265099,ATUN BP LOMO EN ACEITES,ATUN BP LOMO EN ACEITES,ATUN BP LOMO EN ACEITES,insert,1,https://riba.app/imgrs/THUMBS%20500X500/328929.JPG,tabs/detalle-producto/328929,207.000,207.000,207.000,USD,1,,"{""MARCA"":[""BLUE PACIFIC""],""CATEGORIA"":[""Conservas""]}","[""Conservas""]",NULL,https://riba.app/imgrs/THUMBS%20500X500/328929.JPG,0,0,"[""88""]",207.000,2026-05-08 10:00:23
744100265248,ATUN EN ACEITE SOYA AHUMADO,ATUN EN ACEITE SOYA AHUMADO,ATUN EN ACEITE SOYA AHUMADO,insert,1,https://riba.app/imgrs/THUMBS%20500X500/341036.JPG,tabs/detalle-producto/341036,146.000,146.000,146.000,USD,1,,"{""MARCA"":[""SPLASH""],""CATEGORIA"":[""Conservas""]}","[""Conservas""]",NULL,https://riba.app/imgrs/THUMBS%20500X500/341036.JPG,0,0,"[""88""]",146.000,2026-05-08 10:00:23
744100265249,ATUN ACEITE SOYA Y JALAPENO,ATUN ACEITE SOYA Y JALAPENO,ATUN ACEITE SOYA Y JALAPENO,insert,1,https://riba.app/imgrs/THUMBS%20500X500/341037.JPG,tabs/detalle-producto/341037,146.000,146.000,146.000,USD,1,,"{""MARCA"":[""SPLASH""],""CATEGORIA"":[""Conservas""]}","[""Conservas""]",NULL,https://riba.app/imgrs/THUMBS%20500X500/341037.JPG,0,0,"[""88""]",146.000,2026-05-08 10:00:23
744100265370,ATUN TROZOS EN ACEITE 3PCK,ATUN TROZOS EN ACEITE 3PCK,ATUN TROZOS EN ACEITE 3PCK,insert,1,https://riba.app/imgrs/THUMBS%20500X500/336203.JPG,tabs/detalle-producto/336203,497.000,497.000,497.000,USD,1,,"{""MARCA"":[""BLUE PACIFIC""],""CATEGORIA"":[""Conservas""]}","[""Conservas""]",NULL,https://riba.app/imgrs/THUMBS%20500X500/336203.JPG,0,0,"[""88""]",497.000,2026-05-08 10:00:23
744100265371,ATUN VEGETALES TROZOS 3PACK,ATUN VEGETALES TROZOS 3PACK,ATUN VEGETALES TROZOS 3PACK,insert,1,https://riba.app/imgrs/THUMBS%20500X500/336202.JPG,tabs/detalle-producto/336202,497.000,497.000,497.000,USD,1,,"{""MARCA"":[""BLUE PACIFIC""],""CATEGORIA"":[""Conservas""]}","[""Conservas""]",NULL,https://riba.app/imgrs/THUMBS%20500X500/336202.JPG,0,0,"[""88""]",497.000,2026-05-08 10:00:23
744100265372,ATUN TROZOS 3PACK EN AGUA,ATUN TROZOS 3PACK EN AGUA,ATUN TROZOS 3PACK EN AGUA,insert,1,https://riba.app/imgrs/THUMBS%20500X500/336201.JPG,tabs/detalle-producto/336201,497.000,497.000,497.000,USD,1,,"{""MARCA"":[""BLUE PACIFIC""],""CATEGORIA"":[""Conservas""]}","[""Conservas""]",NULL,https://riba.app/imgrs/THUMBS%20500X500/336201.JPG,0,0,"[""88""]",497.000,2026-05-08 10:00:23
744100265380,TUNA AHUMADA TROCITOS 3PK,TUNA AHUMADA TROCITOS 3PK,TUNA AHUMADA TROCITOS 3PK,insert,1,https://riba.app/imgrs/THUMBS%20500X500/336204.JPG,tabs/detalle-producto/336204,497.000,497.000,497.000,USD,1,,"{""MARCA"":[""BLUE PACIFIC""],""CATEGORIA"":[""Conservas""]}","[""Conservas""]",NULL,https://riba.app/imgrs/THUMBS%20500X500/336204.JPG,0,0,"[""88""]",497.000,2026-05-08 10:00:23
744100265445,SARDINA EN SALSA CRIOLLA,SARDINA EN SALSA CRIOLLA,SARDINA EN SALSA CRIOLLA,insert,1,https://riba.app/imgrs/THUMBS%20500X500/354432.JPG,tabs/detalle-producto/354432,116.000,116.000,116.000,USD,1,,"{""MARCA"":[""BLUE PACIFIC""],""CATEGORIA"":[""Conservas""]}","[""Conservas""]",NULL,https://riba.app/imgrs/THUMBS%20500X500/354432.JPG,0,0,"[""88""]",116.000,2026-05-08 10:00:23
744100265446,SARDINA SALSA CRIOLLA PICANTE,SARDINA SALSA CRIOLLA PICANTE,SARDINA SALSA CRIOLLA PICANTE,insert,1,https://riba.app/imgrs/THUMBS%20500X500/354431.JPG,tabs/detalle-producto/354431,116.000,116.000,116.000,USD,1,,"{""MARCA"":[""BLUE PACIFIC""],""CATEGORIA"":[""Conservas""]}","[""Conservas""]",NULL,https://riba.app/imgrs/THUMBS%20500X500/354431.JPG,0,0,"[""88""]",116.000,2026-05-08 10:00:23
745102251210,FILETE ATUN EN ACEITE LA PARMI,FILETE ATUN EN ACEITE LA PARMI,FILETE ATUN EN ACEITE LA PARMI,insert,1,https://riba.app/imgrs/THUMBS%20500X500/319932.JPG,tabs/detalle-producto/319932,550.000,550.000,550.000,USD,1,,"{""MARCA"":[""LA PARMIGIANA""],""CATEGORIA"":[""Conservas""]}","[""Conservas""]",NULL,https://riba.app/imgrs/THUMBS%20500X500/319932.JPG,0,0,"[""88""]",550.000,2026-05-08 10:00:23
745102251211,FILETE DE ATUN PEPERONCINO,FILETE DE ATUN PEPERONCINO,FILETE DE ATUN PEPERONCINO,insert,1,https://riba.app/imgrs/THUMBS%20500X500/319931.JPG,tabs/detalle-producto/319931,453.000,453.000,453.000,USD,1,,"{""MARCA"":[""LA PARMIGIANA""],""CATEGORIA"":[""Conservas""]}","[""Conservas""]",NULL,https://riba.app/imgrs/THUMBS%20500X500/319931.JPG,0,0,"[""88""]",453.000,2026-05-08 10:00:23
745102251212,ATUN NATURAL LA PARMIGIANA,ATUN NATURAL LA PARMIGIANA,ATUN NATURAL LA PARMIGIANA,insert,1,https://riba.app/imgrs/THUMBS%20500X500/319930.JPG,tabs/detalle-producto/319930,420.000,420.000,420.000,USD,1,,"{""MARCA"":[""LA PARMIGIANA""],""CATEGORIA"":[""Conservas""]}","[""Conservas""]",NULL,https://riba.app/imgrs/THUMBS%20500X500/319930.JPG,0,0,"[""88""]",420.000,2026-05-08 10:00:23
745102251213,FILETE ANCHOA LA PARMIGIANA,FILETE ANCHOA LA PARMIGIANA,FILETE ANCHOA LA PARMIGIANA,insert,1,https://riba.app/imgrs/THUMBS%20500X500/319929.JPG,tabs/detalle-producto/319929,359.000,359.000,359.000,USD,1,,"{""MARCA"":[""LA PARMIGIANA""],""CATEGORIA"":[""Conservas""]}","[""Conservas""]",NULL,https://riba.app/imgrs/THUMBS%20500X500/319929.JPG,0,0,"[""88""]",359.000,2026-05-08 10:00:23
745107280004,ATUN 300G,ATUN 300G,ATUN 300G,insert,1,https://riba.app/imgrs/THUMBS%20500X500/162466.JPG,tabs/detalle-producto/162466,553.000,553.000,553.000,USD,1,,"{""MARCA"":[""FRESH WIND SEAFOOD""],""CATEGORIA"":[""Pescados""]}","[""Pescados""]",NULL,https://riba.app/imgrs/THUMBS%20500X500/162466.JPG,0,0,"[""103""]",553.000,2026-05-08 10:00:23
745107281001,CAMARON PELADO 454 GR,CAMARON PELADO 454 GR,CAMARON PELADO 454 GR,insert,1,https://riba.app/imgrs/THUMBS%20500X500/3690.JPG,tabs/detalle-producto/3690,793.000,793.000,793.000,USD,1,,"{""MARCA"":[""FRESH WIND SEAFOOD""],""CATEGORIA"":[""Frutos Del Mar""]}","[""Frutos Del Mar""]",NULL,https://riba.app/imgrs/THUMBS%20500X500/3690.JPG,0,0,"[""102""]",793.000,2026-05-08 10:00:23
745107281002,MARISCOS MIXTOS 454 GR,MARISCOS MIXTOS 454 GR,MARISCOS MIXTOS 454 GR,insert,1,https://riba.app/imgrs/THUMBS%20500X500/3688.JPG,tabs/detalle-producto/3688,391.000,391.000,391.000,USD,1,,"{""MARCA"":[""FRESH WIND SEAFOOD""],""CATEGORIA"":[""Frutos Del Mar""]}","[""Frutos Del Mar""]",NULL,https://riba.app/imgrs/THUMBS%20500X500/3688.JPG,0,0,"[""102""]",391.000,2026-05-08 10:00:23
745107281010,ALMEJAS LIMPIAS 454 GR,ALMEJAS LIMPIAS 454 GR,ALMEJAS LIMPIAS 454 GR,insert,1,https://riba.app/imgrs/THUMBS%20500X500/3687.JPG,tabs/detalle-producto/3687,427.000,427.000,427.000,USD,1,,"{""MARCA"":[""FRESH WIND SEAFOOD""],""CATEGORIA"":[""Frutos Del Mar""]}","[""Frutos Del Mar""]",NULL,https://riba.app/imgrs/THUMBS%20500X500/3687.JPG,0,0,"[""102""]",427.000,2026-05-08 10:00:23
745107281025,CAMARON ROJO PELADO MEDIANO,CAMARON ROJO PELADO MEDIANO,CAMARON ROJO PELADO MEDIANO,insert,1,https://riba.app/imgrs/THUMBS%20500X500/327550.JPG,tabs/detalle-producto/327550,750.000,750.000,750.000,USD,1,,"{""MARCA"":[""FRESH WIND SEAFOOD""],""CATEGORIA"":[""Frutos Del Mar""]}","[""Frutos Del Mar""]",NULL,https://riba.app/imgrs/THUMBS%20500X500/327550.JPG,0,0,"[""102""]",750.000,2026-05-08 10:00:23
745107281026,CAMARONES PELADOS JUMBO,CAMARONES PELADOS JUMBO,CAMARONES PELADOS JUMBO,insert,1,https://riba.app/imgrs/THUMBS%20500X500/327551.JPG,tabs/detalle-producto/327551,841.000,841.000,841.000,USD,1,,"{""MARCA"":[""FRESH WIND SEAFOOD""],""CATEGORIA"":[""Frutos Del Mar""]}","[""Frutos Del Mar""]",NULL,https://riba.app/imgrs/THUMBS%20500X500/327551.JPG,0,0,"[""102""]",841.000,2026-05-08 10:00:23
745107281044,ALMEJAS LIMPIAS 340 G,ALMEJAS LIMPIAS 340 G,ALMEJAS LIMPIAS 340 G,insert,1,https://riba.app/imgrs/THUMBS%20500X500/327555.JPG,tabs/detalle-producto/327555,353.000,353.000,353.000,USD,1,,"{""MARCA"":[""FRESH WIND SEAFOOD""],""CATEGORIA"":[""Frutos Del Mar""]}","[""Frutos Del Mar""]",NULL,https://riba.app/imgrs/THUMBS%20500X500/327555.JPG,0,0,"[""102""]",353.000,2026-05-08 10:00:23
745107281045,MIXTO DE MARISCOS 340G,MIXTO DE MARISCOS 340G,MIXTO DE MARISCOS 340G,insert,1,https://riba.app/imgrs/THUMBS%20500X500/327553.JPG,tabs/detalle-producto/327553,311.000,311.000,311.000,USD,1,,"{""MARCA"":[""FRESH WIND SEAFOOD""],""CATEGORIA"":[""Frutos Del Mar""]}","[""Frutos Del Mar""]",NULL,https://riba.app/imgrs/THUMBS%20500X500/327553.JPG,0,0,"[""102""]",311.000,2026-05-08 10:00:23
745107281046,CAMARON PELADO 340G,CAMARON PELADO 340G,CAMARON PELADO 340G,insert,1,https://riba.app/imgrs/THUMBS%20500X500/327552.JPG,tabs/detalle-producto/327552,645.000,645.000,645.000,USD,1,,"{""MARCA"":[""FRESH WIND SEAFOOD""],""CATEGORIA"":[""Frutos Del Mar""]}","[""Frutos Del Mar""]",NULL,https://riba.app/imgrs/THUMBS%20500X500/327552.JPG,0,0,"[""102""]",645.000,2026-05-08 10:00:23
745107640001,MARISCOS MIXTOS ,MARISCOS MIXTOS ,MARISCOS MIXTOS ,insert,1,https://riba.app/imgrs/THUMBS%20500X500/31985.JPG,tabs/detalle-producto/31985,344.000,344.000,344.000,USD,1,,"{""MARCA"":[""TROPI MAR""],""CATEGORIA"":[""Frutos Del Mar""]}","[""Frutos Del Mar""]",NULL,https://riba.app/imgrs/THUMBS%20500X500/31985.JPG,0,0,"[""102""]",344.000,2026-05-08 10:00:23
745107640002,CAMARON ROJO PELADO,CAMARON ROJO PELADO,CAMARON ROJO PELADO,insert,1,https://riba.app/imgrs/THUMBS%20500X500/31986.JPG,tabs/detalle-producto/31986,943.000,943.000,943.000,USD,1,,"{""MARCA"":[""TROPI MAR""],""CATEGORIA"":[""Frutos Del Mar""]}","[""Frutos Del Mar""]",NULL,https://riba.app/imgrs/THUMBS%20500X500/31986.JPG,0,0,"[""102""]",943.000,2026-05-08 10:00:23
745108810067,CEVICHE DE CORVINA 16 OZ,CEVICHE DE CORVINA 16 OZ,CEVICHE DE CORVINA 16 OZ,insert,1,https://riba.app/imgrs/THUMBS%20500X500/284730.JPG,tabs/detalle-producto/284730,732.000,732.000,732.000,USD,1,,"{""MARCA"":[""DELI FISH""],""CATEGORIA"":[""Ceviche""]}","[""Ceviche""]",NULL,https://riba.app/imgrs/THUMBS%20500X500/284730.JPG,0,0,"[""105""]",732.000,2026-05-08 10:00:23
745108810068,CEVICHE COMBINACION 16OZ,CEVICHE COMBINACION 16OZ,CEVICHE COMBINACION 16OZ,insert,1,https://riba.app/imgrs/THUMBS%20500X500/284732.JPG,tabs/detalle-producto/284732,777.000,777.000,777.000,USD,1,,"{""MARCA"":[""DELI FISH""],""CATEGORIA"":[""Ceviche""]}","[""Ceviche""]",NULL,https://riba.app/imgrs/THUMBS%20500X500/284732.JPG,0,0,"[""105""]",777.000,2026-05-08 10:00:23
745108810069,CEVICHE CAMARON 16OZ,CEVICHE CAMARON 16OZ,CEVICHE CAMARON 16OZ,insert,1,https://riba.app/imgrs/THUMBS%20500X500/284733.JPG,tabs/detalle-producto/284733,732.000,732.000,732.000,USD,1,,"{""MARCA"":[""DELI FISH""],""CATEGORIA"":[""Ceviche""]}","[""Ceviche""]",NULL,https://riba.app/imgrs/THUMBS%20500X500/284733.JPG,0,0,"[""105""]",732.000,2026-05-08 10:00:23
745108810070,CEVICHE DE PULPO 16OZ,CEVICHE DE PULPO 16OZ,CEVICHE DE PULPO 16OZ,insert,1,https://riba.app/imgrs/THUMBS%20500X500/284735.JPG,tabs/detalle-producto/284735,706.000,706.000,706.000,USD,1,,"{""MARCA"":[""DELI FISH""],""CATEGORIA"":[""Ceviche""]}","[""Ceviche""]",NULL,https://riba.app/imgrs/THUMBS%20500X500/284735.JPG,0,0,"[""105""]",706.000,2026-05-08 10:00:23
745108810091,CEVICHE DE PULPO 8OZ,CEVICHE DE PULPO 8OZ,CEVICHE DE PULPO 8OZ,insert,1,https://riba.app/imgrs/THUMBS%20500X500/284741.JPG,tabs/detalle-producto/284741,395.000,395.000,395.000,USD,1,,"{""MARCA"":[""DELI FISH""],""CATEGORIA"":[""Ceviche""]}","[""Ceviche""]",NULL,https://riba.app/imgrs/THUMBS%20500X500/284741.JPG,0,0,"[""105""]",395.000,2026-05-08 10:00:23
745108810093,CEVICHE DE COMBINACION 8OZ,CEVICHE DE COMBINACION 8OZ,CEVICHE DE COMBINACION 8OZ,insert,1,https://riba.app/imgrs/THUMBS%20500X500/284739.JPG,tabs/detalle-producto/284739,370.000,370.000,370.000,USD,1,,"{""MARCA"":[""DELI FISH""],""CATEGORIA"":[""Ceviche""]}","[""Ceviche""]",NULL,https://riba.app/imgrs/THUMBS%20500X500/284739.JPG,0,0,"[""105""]",370.000,2026-05-08 10:00:23
745108810094,CEVICHE DE CAMARON 8OZ,CEVICHE DE CAMARON 8OZ,CEVICHE DE CAMARON 8OZ,insert,1,https://riba.app/imgrs/THUMBS%20500X500/284740.JPG,tabs/detalle-producto/284740,395.000,395.000,395.000,USD,1,,"{""MARCA"":[""DELI FISH""],""CATEGORIA"":[""Ceviche""]}","[""Ceviche""]",NULL,https://riba.app/imgrs/THUMBS%20500X500/284740.JPG,0,0,"[""105""]",395.000,2026-05-08 10:00:23
745108810095,CEVICHE DE CORVINA 8OZ,CEVICHE DE CORVINA 8OZ,CEVICHE DE CORVINA 8OZ,insert,1,https://riba.app/imgrs/THUMBS%20500X500/284737.JPG,tabs/detalle-producto/284737,305.000,305.000,305.000,USD,1,,"{""MARCA"":[""DELI FISH""],""CATEGORIA"":[""Ceviche""]}","[""Ceviche""]",NULL,https://riba.app/imgrs/THUMBS%20500X500/284737.JPG,0,0,"[""105""]",305.000,2026-05-08 10:00:23
745108810105,CEVICHE CORVINA Y MANZANA,CEVICHE CORVINA Y MANZANA,CEVICHE CORVINA Y MANZANA,insert,1,https://riba.app/imgrs/THUMBS%20500X500/284736.JPG,tabs/detalle-producto/284736,834.000,834.000,834.000,USD,1,,"{""MARCA"":[""DELI FISH""],""CATEGORIA"":[""Ceviche""]}","[""Ceviche""]",NULL,https://riba.app/imgrs/THUMBS%20500X500/284736.JPG,0,0,"[""105""]",834.000,2026-05-08 10:00:23
745108810110,CEVICHE DE COMBINACION 32 OZ,CEVICHE DE COMBINACION 32 OZ,CEVICHE DE COMBINACION 32 OZ,insert,1,https://riba.app/imgrs/THUMBS%20500X500/284743.JPG,tabs/detalle-producto/284743,1.368.000,1.368.000,1.368.000,USD,1,,"{""MARCA"":[""DELI FISH""],""CATEGORIA"":[""Ceviche""]}","[""Ceviche""]",NULL,https://riba.app/imgrs/THUMBS%20500X500/284743.JPG,0,0,"[""105""]",1.368.000,2026-05-08 10:00:23
745108810111,CEVICHE DE CORVINA32 OZ,CEVICHE DE CORVINA32 OZ,CEVICHE DE CORVINA32 OZ,insert,1,https://riba.app/imgrs/THUMBS%20500X500/284742.JPG,tabs/detalle-producto/284742,1.018.000,1.018.000,1.018.000,USD,1,,"{""MARCA"":[""DELI FISH""],""CATEGORIA"":[""Ceviche""]}","[""Ceviche""]",NULL,https://riba.app/imgrs/THUMBS%20500X500/284742.JPG,0,0,"[""105""]",1.018.000,2026-05-08 10:00:23
745110155710,ATUN CON MAIZ EN TROZOS,ATUN CON MAIZ EN TROZOS,ATUN CON MAIZ EN TROZOS,insert,1,https://riba.app/imgrs/THUMBS%20500X500/185572.JPG,tabs/detalle-producto/185572,155.000,155.000,155.000,USD,1,,"{""MARCA"":[""BAMA""],""CATEGORIA"":[""Conservas""]}","[""Conservas""]",NULL,https://riba.app/imgrs/THUMBS%20500X500/185572.JPG,0,0,"[""88""]",155.000,2026-05-08 10:00:23
745110155711,TUNA SAZONADA EN TROZOS,TUNA SAZONADA EN TROZOS,TUNA SAZONADA EN TROZOS,insert,1,https://riba.app/imgrs/THUMBS%20500X500/185573.JPG,tabs/detalle-producto/185573,155.000,155.000,155.000,USD,1,,"{""MARCA"":[""BAMA""],""CATEGORIA"":[""Conservas""]}","[""Conservas""]",NULL,https://riba.app/imgrs/THUMBS%20500X500/185573.JPG,0,0,"[""88""]",155.000,2026-05-08 10:00:23
745110155736,TUNA AL AJILLO BAMA,TUNA AL AJILLO BAMA,TUNA AL AJILLO BAMA,insert,1,https://riba.app/imgrs/THUMBS%20500X500/355168.JPG,tabs/detalle-producto/355168,155.000,155.000,155.000,USD,1,,"{""MARCA"":[""BAMA""],""CATEGORIA"":[""Conservas""]}","[""Conservas""]",NULL,https://riba.app/imgrs/THUMBS%20500X500/355168.JPG,0,0,"[""88""]",155.000,2026-05-08 10:00:23
745110155776,ATUN EN AGUA & TROZOS,ATUN EN AGUA & TROZOS,ATUN EN AGUA & TROZOS,insert,1,https://riba.app/imgrs/THUMBS%20500X500/169349.JPG,tabs/detalle-producto/169349,149.000,149.000,149.000,USD,1,,"{""MARCA"":[""BAMA""],""CATEGORIA"":[""Conservas""]}","[""Conservas""]",NULL,https://riba.app/imgrs/THUMBS%20500X500/169349.JPG,0,0,"[""88""]",149.000,2026-05-08 10:00:23
745110155777,ATUN EN ACEITE & TROZOS,ATUN EN ACEITE & TROZOS,ATUN EN ACEITE & TROZOS,insert,1,https://riba.app/imgrs/THUMBS%20500X500/169350.JPG,tabs/detalle-producto/169350,149.000,149.000,149.000,USD,1,,"{""MARCA"":[""BAMA""],""CATEGORIA"":[""Conservas""]}","[""Conservas""]",NULL,https://riba.app/imgrs/THUMBS%20500X500/169350.JPG,0,0,"[""88""]",149.000,2026-05-08 10:00:23
745110155778,ATUN CON VEGETALES EN TROZOS,ATUN CON VEGETALES EN TROZOS,ATUN CON VEGETALES EN TROZOS,insert,1,https://riba.app/imgrs/THUMBS%20500X500/169351.JPG,tabs/detalle-producto/169351,149.000,149.000,149.000,USD,1,,"{""MARCA"":[""BAMA""],""CATEGORIA"":[""Conservas""]}","[""Conservas""]",NULL,https://riba.app/imgrs/THUMBS%20500X500/169351.JPG,0,0,"[""88""]",149.000,2026-05-08 10:00:23
745110232001,CEVICHE D CORVINA A LA INGLESA,CEVICHE D CORVINA A LA INGLESA,CEVICHE D CORVINA A LA INGLESA,insert,1,https://riba.app/imgrs/THUMBS%20500X500/82557.JPG,tabs/detalle-producto/82557,663.000,663.000,663.000,USD,1,,"{""MARCA"":[""AGASAJOS CHEZ MARIE""],""CATEGORIA"":[""Ceviche""]}","[""Ceviche""]",NULL,https://riba.app/imgrs/THUMBS%20500X500/82557.JPG,0,0,"[""105""]",663.000,2026-05-08 10:00:23
745110305001,CEVICHE MIXTO 1/2,CEVICHE MIXTO 1/2,CEVICHE MIXTO 1/2,insert,1,https://riba.app/imgrs/THUMBS%20500X500/223605.JPG,tabs/detalle-producto/223605,332.000,332.000,332.000,USD,1,,"{""MARCA"":[""TIO CAIMAN  ""],""CATEGORIA"":[""Ceviche""]}","[""Ceviche""]",NULL,https://riba.app/imgrs/THUMBS%20500X500/223605.JPG,0,0,"[""105""]",332.000,2026-05-08 10:00:23
745110305002,CEVICHE DE PULPO 1/2,CEVICHE DE PULPO 1/2,CEVICHE DE PULPO 1/2,insert,1,https://riba.app/imgrs/THUMBS%20500X500/223606.JPG,tabs/detalle-producto/223606,380.000,380.000,380.000,USD,1,,"{""MARCA"":[""TIO CAIMAN  ""],""CATEGORIA"":[""Ceviche""]}","[""Ceviche""]",NULL,https://riba.app/imgrs/THUMBS%20500X500/223606.JPG,0,0,"[""105""]",380.000,2026-05-08 10:00:23
745110305003,CEVICHE DE CAMARON 1/2,CEVICHE DE CAMARON 1/2,CEVICHE DE CAMARON 1/2,insert,1,https://riba.app/imgrs/THUMBS%20500X500/223604.JPG,tabs/detalle-producto/223604,414.000,414.000,414.000,USD,1,,"{""MARCA"":[""TIO CAIMAN  ""],""CATEGORIA"":[""Ceviche""]}","[""Ceviche""]",NULL,https://riba.app/imgrs/THUMBS%20500X500/223604.JPG,0,0,"[""105""]",414.000,2026-05-08 10:00:23
745110305004,CEVICHE DE PESCADO 1/2,CEVICHE DE PESCADO 1/2,CEVICHE DE PESCADO 1/2,insert,1,https://riba.app/imgrs/THUMBS%20500X500/223603.JPG,tabs/detalle-producto/223603,234.000,234.000,234.000,USD,1,,"{""MARCA"":[""TIO CAIMAN  ""],""CATEGORIA"":[""Ceviche""]}","[""Ceviche""]",NULL,https://riba.app/imgrs/THUMBS%20500X500/223603.JPG,0,0,"[""105""]",234.000,2026-05-08 10:00:23
745110305005,CEVICHE PESCADO 1/8,CEVICHE PESCADO 1/8,CEVICHE PESCADO 1/8,insert,1,https://riba.app/imgrs/THUMBS%20500X500/321720.JPG,tabs/detalle-producto/321720,480.000,480.000,480.000,USD,1,,"{""MARCA"":[""TIO CAIMAN  ""],""CATEGORIA"":[""Ceviche""]}","[""Ceviche""]",NULL,https://riba.app/imgrs/THUMBS%20500X500/321720.JPG,0,0,"[""105""]",480.000,2026-05-08 10:00:23
745110305006,CEVICHE DE PESCADO 1/4,CEVICHE DE PESCADO 1/4,CEVICHE DE PESCADO 1/4,insert,1,https://riba.app/imgrs/THUMBS%20500X500/321711.JPG,tabs/detalle-producto/321711,800.000,800.000,800.000,USD,1,,"{""MARCA"":[""TIO CAIMAN  ""],""CATEGORIA"":[""Ceviche""]}","[""Ceviche""]",NULL,https://riba.app/imgrs/THUMBS%20500X500/321711.JPG,0,0,"[""105""]",800.000,2026-05-08 10:00:23
745110305007,CEVICHE CAMARON 1/8,CEVICHE CAMARON 1/8,CEVICHE CAMARON 1/8,insert,1,https://riba.app/imgrs/THUMBS%20500X500/321722.JPG,tabs/detalle-producto/321722,838.000,838.000,838.000,USD,1,,"{""MARCA"":[""TIO CAIMAN  ""],""CATEGORIA"":[""Ceviche""]}","[""Ceviche""]",NULL,https://riba.app/imgrs/THUMBS%20500X500/321722.JPG,0,0,"[""105""]",838.000,2026-05-08 10:00:23
745110305008,CEVICHE CAMARON 1/4,CEVICHE CAMARON 1/4,CEVICHE CAMARON 1/4,insert,1,https://riba.app/imgrs/THUMBS%20500X500/321721.JPG,tabs/detalle-producto/321721,1.531.000,1.531.000,1.531.000,USD,1,,"{""MARCA"":[""TIO CAIMAN  ""],""CATEGORIA"":[""Ceviche""]}","[""Ceviche""]",NULL,https://riba.app/imgrs/THUMBS%20500X500/321721.JPG,0,0,"[""105""]",1.531.000,2026-05-08 10:00:23
745110305009,CEVICHE PULPO 1/8,CEVICHE PULPO 1/8,CEVICHE PULPO 1/8,insert,1,https://riba.app/imgrs/THUMBS%20500X500/321726.JPG,tabs/detalle-producto/321726,820.000,820.000,820.000,USD,1,,"{""MARCA"":[""TIO CAIMAN  ""],""CATEGORIA"":[""Ceviche""]}","[""Ceviche""]",NULL,https://riba.app/imgrs/THUMBS%20500X500/321726.JPG,0,0,"[""105""]",820.000,2026-05-08 10:00:23
745110305010,CEVICHE DE PULPO 1/4,CEVICHE DE PULPO 1/4,CEVICHE DE PULPO 1/4,insert,1,https://riba.app/imgrs/THUMBS%20500X500/321725.JPG,tabs/detalle-producto/321725,1.442.000,1.442.000,1.442.000,USD,1,,"{""MARCA"":[""TIO CAIMAN  ""],""CATEGORIA"":[""Ceviche""]}","[""Ceviche""]",NULL,https://riba.app/imgrs/THUMBS%20500X500/321725.JPG,0,0,"[""105""]",1.442.000,2026-05-08 10:00:23
745110305011,CEVICHE MIXTO 1/8,CEVICHE MIXTO 1/8,CEVICHE MIXTO 1/8,insert,1,https://riba.app/imgrs/THUMBS%20500X500/321724.JPG,tabs/detalle-producto/321724,743.000,743.000,743.000,USD,1,,"{""MARCA"":[""TIO CAIMAN  ""],""CATEGORIA"":[""Ceviche""]}","[""Ceviche""]",NULL,https://riba.app/imgrs/THUMBS%20500X500/321724.JPG,0,0,"[""105""]",743.000,2026-05-08 10:00:23
745110305012,CEVICHE MIXTO 1/4,CEVICHE MIXTO 1/4,CEVICHE MIXTO 1/4,insert,1,https://riba.app/imgrs/THUMBS%20500X500/321723.JPG,tabs/detalle-producto/321723,1.437.000,1.437.000,1.437.000,USD,1,,"{""MARCA"":[""TIO CAIMAN  ""],""CATEGORIA"":[""Ceviche""]}","[""Ceviche""]",NULL,https://riba.app/imgrs/THUMBS%20500X500/321723.JPG,0,0,"[""105""]",1.437.000,2026-05-08 10:00:23
745110468005,FILETE DE TILAPIA ,FILETE DE TILAPIA ,FILETE DE TILAPIA ,insert,1,https://riba.app/imgrs/THUMBS%20500X500/181177.JPG,tabs/detalle-producto/181177,906.000,906.000,906.000,USD,1,,"{""MARCA"":[""OCEAN GOURMET""],""CATEGORIA"":[""Pescados""]}","[""Pescados""]",NULL,https://riba.app/imgrs/THUMBS%20500X500/181177.JPG,0,0,"[""103""]",906.000,2026-05-08 10:00:23
745110468027,MIXTO DE MARISCO ,MIXTO DE MARISCO ,MIXTO DE MARISCO ,insert,1,https://riba.app/imgrs/THUMBS%20500X500/192326.JPG,tabs/detalle-producto/192326,352.000,352.000,352.000,USD,1,,"{""MARCA"":[""OCEAN GOURMET""],""CATEGORIA"":[""Frutos Del Mar""]}","[""Frutos Del Mar""]",NULL,https://riba.app/imgrs/THUMBS%20500X500/192326.JPG,0,0,"[""102""]",352.000,2026-05-08 10:00:23
745110511007,CAMARON PRE COCIDO MEDIANO ,CAMARON PRE COCIDO MEDIANO ,CAMARON PRE COCIDO MEDIANO ,insert,1,https://riba.app/imgrs/THUMBS%20500X500/172763.JPG,tabs/detalle-producto/172763,872.000,872.000,872.000,USD,1,,"{""MARCA"":[""FARALLON""],""CATEGORIA"":[""Frutos Del Mar""]}","[""Frutos Del Mar""]",NULL,https://riba.app/imgrs/THUMBS%20500X500/172763.JPG,0,0,"[""102""]",872.000,2026-05-08 10:00:23
745110511025,CAMARONES CRUDOS 21/25,CAMARONES CRUDOS 21/25,CAMARONES CRUDOS 21/25,insert,1,https://riba.app/imgrs/THUMBS%20500X500/272038.JPG,tabs/detalle-producto/272038,1.771.000,1.771.000,1.771.000,USD,1,,"{""MARCA"":[""FARALLON""],""CATEGORIA"":[""Frutos Del Mar""]}","[""Frutos Del Mar""]",NULL,https://riba.app/imgrs/THUMBS%20500X500/272038.JPG,0,0,"[""102""]",1.771.000,2026-05-08 10:00:23
745110511026,COLA CAMARON LARGE (26-35),COLA CAMARON LARGE (26-35),COLA CAMARON LARGE (26-35),insert,1,https://riba.app/imgrs/THUMBS%20500X500/282375.JPG,tabs/detalle-producto/282375,1.263.000,1.263.000,1.263.000,USD,1,,"{""MARCA"":[""FARALLON""],""CATEGORIA"":[""Frutos Del Mar""]}","[""Frutos Del Mar""]",NULL,https://riba.app/imgrs/THUMBS%20500X500/282375.JPG,0,0,"[""102""]",1.263.000,2026-05-08 10:00:23
745110511029,MIXTO DE MARISCOS COCIDOS,MIXTO DE MARISCOS COCIDOS,MIXTO DE MARISCOS COCIDOS,insert,1,https://riba.app/imgrs/THUMBS%20500X500/333542.JPG,tabs/detalle-producto/333542,453.000,453.000,453.000,USD,1,,"{""MARCA"":[""FARALLON""],""CATEGORIA"":[""Frutos Del Mar""]}","[""Frutos Del Mar""]",NULL,https://riba.app/imgrs/THUMBS%20500X500/333542.JPG,0,0,"[""102""]",453.000,2026-05-08 10:00:23
745110511043,CAMARONES COCIDOS PELADOS DESV,CAMARONES COCIDOS PELADOS DESV,CAMARONES COCIDOS PELADOS DESV,insert,1,https://riba.app/imgrs/THUMBS%20500X500/345120.JPG,tabs/detalle-producto/345120,2.478.000,2.478.000,2.478.000,USD,1,,"{""MARCA"":[""FARALLON""],""CATEGORIA"":[""Frutos Del Mar""]}","[""Frutos Del Mar""]",NULL,https://riba.app/imgrs/THUMBS%20500X500/345120.JPG,0,0,"[""102""]",2.478.000,2026-05-08 10:00:23
745110511051,LANGOSTN D MAR COCIDOS PLDOS D,LANGOSTN D MAR COCIDOS PLDOS D,LANGOSTN D MAR COCIDOS PLDOS D,insert,1,https://riba.app/imgrs/THUMBS%20500X500/353062.JPG,tabs/detalle-producto/353062,1.985.000,1.985.000,1.985.000,USD,1,,"{""MARCA"":[""FARALLON""],""CATEGORIA"":[""Frutos Del Mar""]}","[""Frutos Del Mar""]",NULL,https://riba.app/imgrs/THUMBS%20500X500/353062.JPG,0,0,"[""102""]",1.985.000,2026-05-08 10:00:23
745110866010,FILETE DE CORVINA,FILETE DE CORVINA,FILETE DE CORVINA,insert,1,https://riba.app/imgrs/THUMBS%20500X500/281299.JPG,tabs/detalle-producto/281299,1.325.000,1.325.000,1.325.000,USD,1,,"{""MARCA"":[""COMACA FOODS""],""CATEGORIA"":[""Pescados""]}","[""Pescados""]",NULL,https://riba.app/imgrs/THUMBS%20500X500/281299.JPG,0,0,"[""103""]",1.325.000,2026-05-08 10:00:23
745110866011,FILETE DE ROBALO,FILETE DE ROBALO,FILETE DE ROBALO,insert,1,https://riba.app/imgrs/THUMBS%20500X500/281300.JPG,tabs/detalle-producto/281300,1.091.000,1.091.000,1.091.000,USD,1,,"{""MARCA"":[""COMACA FOODS""],""CATEGORIA"":[""Pescados""]}","[""Pescados""]",NULL,https://riba.app/imgrs/THUMBS%20500X500/281300.JPG,0,0,"[""103""]",1.091.000,2026-05-08 10:00:23
745110866012,FILETE DE ATUN,FILETE DE ATUN,FILETE DE ATUN,insert,1,https://riba.app/imgrs/THUMBS%20500X500/281301.JPG,tabs/detalle-producto/281301,1.191.000,1.191.000,1.191.000,USD,1,,"{""MARCA"":[""COMACA FOODS""],""CATEGORIA"":[""Pescados""]}","[""Pescados""]",NULL,https://riba.app/imgrs/THUMBS%20500X500/281301.JPG,0,0,"[""103""]",1.191.000,2026-05-08 10:00:23
745201766670,SARDINAS  SALSA TOMATE 48 5 ,SARDINAS  SALSA TOMATE 48 5 ,SARDINAS  SALSA TOMATE 48 5 ,insert,1,https://riba.app/imgrs/THUMBS%20500X500/74740.JPG,tabs/detalle-producto/74740,105.000,105.000,105.000,USD,1,,"{""MARCA"":[""DEL MONTE""],""CATEGORIA"":[""Conservas""]}","[""Conservas""]",NULL,https://riba.app/imgrs/THUMBS%20500X500/74740.JPG,0,0,"[""88""]",105.000,2026-05-08 10:00:23
745201766671,SARDINA EN SALSA TOMATE,SARDINA EN SALSA TOMATE,SARDINA EN SALSA TOMATE,insert,1,https://riba.app/imgrs/THUMBS%20500X500/9551.JPG,tabs/detalle-producto/9551,238.000,238.000,238.000,USD,1,,"{""MARCA"":[""DEL MONTE""],""CATEGORIA"":[""Conservas""]}","[""Conservas""]",NULL,https://riba.app/imgrs/THUMBS%20500X500/9551.JPG,0,0,"[""88""]",238.000,2026-05-08 10:00:23
745201766673,SARDINA DEL MONTE PICANTE,SARDINA DEL MONTE PICANTE,SARDINA DEL MONTE PICANTE,insert,1,https://riba.app/imgrs/THUMBS%20500X500/305026.JPG,tabs/detalle-producto/305026,108.000,108.000,108.000,USD,1,,"{""MARCA"":[""DEL MONTE""],""CATEGORIA"":[""Conservas""]}","[""Conservas""]",NULL,https://riba.app/imgrs/THUMBS%20500X500/305026.JPG,0,0,"[""88""]",108.000,2026-05-08 10:00:23
745210034012,TUNA CHUNKS EN AGUA,TUNA CHUNKS EN AGUA,TUNA CHUNKS EN AGUA,insert,1,https://riba.app/imgrs/THUMBS%20500X500/219340.JPG,tabs/detalle-producto/219340,159.000,159.000,159.000,USD,1,,"{""MARCA"":[""TWO OCEANS ""],""CATEGORIA"":[""Conservas""]}","[""Conservas""]",NULL,https://riba.app/imgrs/THUMBS%20500X500/219340.JPG,0,0,"[""88""]",159.000,2026-05-08 10:00:23
745210034013,TUNA VEGETALES 170GR TWO OCEAN,TUNA VEGETALES 170GR TWO OCEAN,TUNA VEGETALES 170GR TWO OCEAN,insert,1,https://riba.app/imgrs/THUMBS%20500X500/251160.JPG,tabs/detalle-producto/251160,161.000,161.000,161.000,USD,1,,"{""MARCA"":[""TWO OCEANS ""],""CATEGORIA"":[""Conservas""]}","[""Conservas""]",NULL,https://riba.app/imgrs/THUMBS%20500X500/251160.JPG,0,0,"[""88""]",161.000,2026-05-08 10:00:23
745210034014,TUNA CHUNKS EN ACEITE,TUNA CHUNKS EN ACEITE,TUNA CHUNKS EN ACEITE,insert,1,https://riba.app/imgrs/THUMBS%20500X500/251157.JPG,tabs/detalle-producto/251157,179.000,179.000,179.000,USD,1,,"{""MARCA"":[""TWO OCEANS ""],""CATEGORIA"":[""Conservas""]}","[""Conservas""]",NULL,https://riba.app/imgrs/THUMBS%20500X500/251157.JPG,0,0,"[""88""]",179.000,2026-05-08 10:00:23
745210034016,TUNA JALAPENOS 170GR TWO OCEAN,TUNA JALAPENOS 170GR TWO OCEAN,TUNA JALAPENOS 170GR TWO OCEAN,insert,1,https://riba.app/imgrs/THUMBS%20500X500/251159.JPG,tabs/detalle-producto/251159,161.000,161.000,161.000,USD,1,,"{""MARCA"":[""TWO OCEANS ""],""CATEGORIA"":[""Conservas""]}","[""Conservas""]",NULL,https://riba.app/imgrs/THUMBS%20500X500/251159.JPG,0,0,"[""88""]",161.000,2026-05-08 10:00:23
745210164006,SALMON AHUMADO 8 OZ,SALMON AHUMADO 8 OZ,SALMON AHUMADO 8 OZ,insert,1,https://riba.app/imgrs/THUMBS%20500X500/246178.JPG,tabs/detalle-producto/246178,978.000,978.000,978.000,USD,1,,"{""MARCA"":[""RIQUEZAS DEL MAR ""],""CATEGORIA"":[""Pescados""]}","[""Pescados""]",NULL,https://riba.app/imgrs/THUMBS%20500X500/246178.JPG,0,0,"[""103""]",978.000,2026-05-08 10:00:23
745210164007,SALMON FRESCO FAMILYPACK,SALMON FRESCO FAMILYPACK,SALMON FRESCO FAMILYPACK,insert,1,https://riba.app/imgrs/THUMBS%20500X500/216553.JPG,tabs/detalle-producto/216553,2.060.000,2.060.000,2.060.000,USD,1,,"{""MARCA"":[""RIQUEZAS DEL MAR ""],""CATEGORIA"":[""Pescados""]}","[""Pescados""]",NULL,https://riba.app/imgrs/THUMBS%20500X500/216553.JPG,0,0,"[""103""]",2.060.000,2026-05-08 10:00:23
745210164008,SALMON FRESCO 8 OZ,SALMON FRESCO 8 OZ,SALMON FRESCO 8 OZ,insert,1,https://riba.app/imgrs/THUMBS%20500X500/216554.JPG,tabs/detalle-producto/216554,691.000,691.000,691.000,USD,1,,"{""MARCA"":[""RIQUEZAS DEL MAR ""],""CATEGORIA"":[""Pescados""]}","[""Pescados""]",NULL,https://riba.app/imgrs/THUMBS%20500X500/216554.JPG,0,0,"[""103""]",691.000,2026-05-08 10:00:23
745210164014,ATUN EN PORCION ,ATUN EN PORCION ,ATUN EN PORCION ,insert,1,https://riba.app/imgrs/THUMBS%20500X500/246180.JPG,tabs/detalle-producto/246180,629.000,629.000,629.000,USD,1,,"{""MARCA"":[""RIQUEZAS DEL MAR ""],""CATEGORIA"":[""Pescados""]}","[""Pescados""]",NULL,https://riba.app/imgrs/THUMBS%20500X500/246180.JPG,0,0,"[""103""]",629.000,2026-05-08 10:00:23
745210164023,CORVINA FAMILY PACK,CORVINA FAMILY PACK,CORVINA FAMILY PACK,insert,1,https://riba.app/imgrs/THUMBS%20500X500/289610.JPG,tabs/detalle-producto/289610,1.464.000,1.464.000,1.464.000,USD,1,,"{""MARCA"":[""RIQUEZAS DEL MAR ""],""CATEGORIA"":[""Pescados""]}","[""Pescados""]",NULL,https://riba.app/imgrs/THUMBS%20500X500/289610.JPG,0,0,"[""103""]",1.464.000,2026-05-08 10:00:23
745210537067,CARNE DE ALMEJAS IQF,CARNE DE ALMEJAS IQF,CARNE DE ALMEJAS IQF,insert,1,https://riba.app/imgrs/THUMBS%20500X500/329645.JPG,tabs/detalle-producto/329645,258.000,258.000,258.000,USD,1,,"{""MARCA"":[""HI FISH""],""CATEGORIA"":[""Frutos Del Mar""]}","[""Frutos Del Mar""]",NULL,https://riba.app/imgrs/THUMBS%20500X500/329645.JPG,0,0,"[""102""]",258.000,2026-05-08 10:00:23
745210537070,CAMARON PELADO I.Q.F.,CAMARON PELADO I.Q.F.,CAMARON PELADO I.Q.F.,insert,1,https://riba.app/imgrs/THUMBS%20500X500/329646.JPG,tabs/detalle-producto/329646,724.000,724.000,724.000,USD,1,,"{""MARCA"":[""HI FISH""],""CATEGORIA"":[""Frutos Del Mar""]}","[""Frutos Del Mar""]",NULL,https://riba.app/imgrs/THUMBS%20500X500/329646.JPG,0,0,"[""102""]",724.000,2026-05-08 10:00:23
745210537074,MIXTO DE MARISCOS,MIXTO DE MARISCOS,MIXTO DE MARISCOS,insert,1,https://riba.app/imgrs/THUMBS%20500X500/329644.JPG,tabs/detalle-producto/329644,376.000,376.000,376.000,USD,1,,"{""MARCA"":[""HI FISH""],""CATEGORIA"":[""Frutos Del Mar""]}","[""Frutos Del Mar""]",NULL,https://riba.app/imgrs/THUMBS%20500X500/329644.JPG,0,0,"[""102""]",376.000,2026-05-08 10:00:23
745210537080,PULPO PICADO ,PULPO PICADO ,PULPO PICADO ,insert,1,https://riba.app/imgrs/THUMBS%20500X500/329647.JPG,tabs/detalle-producto/329647,425.000,425.000,425.000,USD,1,,"{""MARCA"":[""HI FISH""],""CATEGORIA"":[""Frutos Del Mar""]}","[""Frutos Del Mar""]",NULL,https://riba.app/imgrs/THUMBS%20500X500/329647.JPG,0,0,"[""102""]",425.000,2026-05-08 10:00:23
745210537086,FILETE DE CORVINA,FILETE DE CORVINA,FILETE DE CORVINA,insert,1,https://riba.app/imgrs/THUMBS%20500X500/329648.JPG,tabs/detalle-producto/329648,827.000,827.000,827.000,USD,1,,"{""MARCA"":[""HI FISH""],""CATEGORIA"":[""Pescados""]}","[""Pescados""]",NULL,https://riba.app/imgrs/THUMBS%20500X500/329648.JPG,0,0,"[""103""]",827.000,2026-05-08 10:00:23
745210537090,FILETE DE TILAPIA,FILETE DE TILAPIA,FILETE DE TILAPIA,insert,1,https://riba.app/imgrs/THUMBS%20500X500/329649.JPG,tabs/detalle-producto/329649,459.000,459.000,459.000,USD,1,,"{""MARCA"":[""HI FISH""],""CATEGORIA"":[""Pescados""]}","[""Pescados""]",NULL,https://riba.app/imgrs/THUMBS%20500X500/329649.JPG,0,0,"[""103""]",459.000,2026-05-08 10:00:23
745301470734,BACALAO SAITHE EN BOLSA,BACALAO SAITHE EN BOLSA,BACALAO SAITHE EN BOLSA,insert,1,https://riba.app/imgrs/THUMBS%20500X500/22313.JPG,tabs/detalle-producto/22313,1.902.000,1.902.000,1.902.000,USD,1,,"{""MARCA"":[""HERMANOS/GAGO""],""CATEGORIA"":[""Pescados""]}","[""Pescados""]",NULL,https://riba.app/imgrs/THUMBS%20500X500/22313.JPG,0,0,"[""103""]",1.902.000,2026-05-08 10:00:23
750302770934,TUNA ACEITE 3PACK MONARCH,TUNA ACEITE 3PACK MONARCH,TUNA ACEITE 3PACK MONARCH,insert,1,https://riba.app/imgrs/THUMBS%20500X500/203269.JPG,tabs/detalle-producto/203269,533.000,533.000,533.000,USD,1,,"{""MARCA"":[""MONARCH""],""CATEGORIA"":[""Conservas""]}","[""Conservas""]",NULL,https://riba.app/imgrs/THUMBS%20500X500/203269.JPG,0,0,"[""88""]",533.000,2026-05-08 10:00:23
7537000545,SARDINA EN SALSA TOMATE CONCHI,SARDINA EN SALSA TOMATE CONCHI,SARDINA EN SALSA TOMATE CONCHI,insert,1,https://riba.app/imgrs/THUMBS%20500X500/49432.JPG,tabs/detalle-producto/49432,255.000,255.000,255.000,USD,1,,"{""MARCA"":[""CONCHITA""],""CATEGORIA"":[""Conservas""]}","[""Conservas""]",NULL,https://riba.app/imgrs/THUMBS%20500X500/49432.JPG,0,0,"[""88""]",255.000,2026-05-08 10:00:23
76333145180,COLA LANGOSTA DEL PACIFICO,COLA LANGOSTA DEL PACIFICO,COLA LANGOSTA DEL PACIFICO,insert,1,https://riba.app/imgrs/THUMBS%20500X500/342248.JPG,tabs/detalle-producto/342248,1.471.000,1.471.000,1.471.000,USD,1,,"{""MARCA"":[""ISTMO FISHER""],""CATEGORIA"":[""Frutos Del Mar""]}","[""Frutos Del Mar""]",NULL,https://riba.app/imgrs/THUMBS%20500X500/342248.JPG,0,0,"[""102""]",1.471.000,2026-05-08 10:00:23
76333145182,FILETE CORVINATA 1 LB,FILETE CORVINATA 1 LB,FILETE CORVINATA 1 LB,insert,1,https://riba.app/imgrs/THUMBS%20500X500/309530.JPG,tabs/detalle-producto/309530,532.000,532.000,532.000,USD,1,,"{""MARCA"":[""COMACA FOODS""],""CATEGORIA"":[""Pescados""]}","[""Pescados""]",NULL,https://riba.app/imgrs/THUMBS%20500X500/309530.JPG,0,0,"[""103""]",532.000,2026-05-08 10:00:23
76333145183,FILETE DE TILAPIA 1 LB,FILETE DE TILAPIA 1 LB,FILETE DE TILAPIA 1 LB,insert,1,https://riba.app/imgrs/THUMBS%20500X500/309532.JPG,tabs/detalle-producto/309532,475.000,475.000,475.000,USD,1,,"{""MARCA"":[""COMACA FOODS""],""CATEGORIA"":[""Pescados""]}","[""Pescados""]",NULL,https://riba.app/imgrs/THUMBS%20500X500/309532.JPG,0,0,"[""103""]",475.000,2026-05-08 10:00:23
76506677569,CAMARON LIMPIO DEVENADO,CAMARON LIMPIO DEVENADO,CAMARON LIMPIO DEVENADO,insert,1,https://riba.app/imgrs/THUMBS%20500X500/308861.JPG,tabs/detalle-producto/308861,922.000,922.000,922.000,USD,1,,"{""MARCA"":[""RIQUEZAS DEL MAR ""],""CATEGORIA"":[""Frutos Del Mar""]}","[""Frutos Del Mar""]",NULL,https://riba.app/imgrs/THUMBS%20500X500/308861.JPG,0,0,"[""102""]",922.000,2026-05-08 10:00:23
7677019682,TUNA AGUA 3PACK MONARCH,TUNA AGUA 3PACK MONARCH,TUNA AGUA 3PACK MONARCH,insert,1,https://riba.app/imgrs/THUMBS%20500X500/203276.JPG,tabs/detalle-producto/203276,539.000,539.000,539.000,USD,1,,"{""MARCA"":[""MONARCH""],""CATEGORIA"":[""Conservas""]}","[""Conservas""]",NULL,https://riba.app/imgrs/THUMBS%20500X500/203276.JPG,0,0,"[""88""]",539.000,2026-05-08 10:00:23
7677029510,TUNA EN AGUA DIETA,TUNA EN AGUA DIETA,TUNA EN AGUA DIETA,insert,1,https://riba.app/imgrs/THUMBS%20500X500/22551.JPG,tabs/detalle-producto/22551,209.000,209.000,209.000,USD,1,,"{""MARCA"":[""MONARCH""],""CATEGORIA"":[""Conservas""]}","[""Conservas""]",NULL,https://riba.app/imgrs/THUMBS%20500X500/22551.JPG,0,0,"[""88""]",209.000,2026-05-08 10:00:23
7677029515,TUNA EN TROZOS LIVIANA MONARCH,TUNA EN TROZOS LIVIANA MONARCH,TUNA EN TROZOS LIVIANA MONARCH,insert,1,https://riba.app/imgrs/THUMBS%20500X500/359555.JPG,tabs/detalle-producto/359555,192.000,192.000,192.000,USD,1,,"{""MARCA"":[""MONARCH""],""CATEGORIA"":[""Conservas""]}","[""Conservas""]",NULL,https://riba.app/imgrs/THUMBS%20500X500/359555.JPG,0,0,"[""88""]",192.000,2026-05-08 10:00:23
7677029519,ATUN EN ACEITE Y DIETA,ATUN EN ACEITE Y DIETA,ATUN EN ACEITE Y DIETA,insert,1,https://riba.app/imgrs/THUMBS%20500X500/22552.JPG,tabs/detalle-producto/22552,209.000,209.000,209.000,USD,1,,"{""MARCA"":[""MONARCH""],""CATEGORIA"":[""Conservas""]}","[""Conservas""]",NULL,https://riba.app/imgrs/THUMBS%20500X500/22552.JPG,0,0,"[""88""]",209.000,2026-05-08 10:00:23
7677029520,TROZOS DE TUNA LIVIANA MONARCH,TROZOS DE TUNA LIVIANA MONARCH,TROZOS DE TUNA LIVIANA MONARCH,insert,1,https://riba.app/imgrs/THUMBS%20500X500/360150.JPG,tabs/detalle-producto/360150,192.000,192.000,192.000,USD,1,,"{""MARCA"":[""MONARCH""],""CATEGORIA"":[""Conservas""]}","[""Conservas""]",NULL,https://riba.app/imgrs/THUMBS%20500X500/360150.JPG,0,0,"[""88""]",192.000,2026-05-08 10:00:23
7677030149,MONARCH SARDINA PICANTE,MONARCH SARDINA PICANTE,MONARCH SARDINA PICANTE,insert,1,https://riba.app/imgrs/THUMBS%20500X500/287460.JPG,tabs/detalle-producto/287460,79.000,79.000,79.000,USD,1,,"{""MARCA"":[""MONARCH""],""CATEGORIA"":[""Conservas""]}","[""Conservas""]",NULL,https://riba.app/imgrs/THUMBS%20500X500/287460.JPG,0,0,"[""88""]",79.000,2026-05-08 10:00:23
7677030169,MONARCH SARDINA EN SALSA,MONARCH SARDINA EN SALSA,MONARCH SARDINA EN SALSA,insert,1,https://riba.app/imgrs/THUMBS%20500X500/287459.JPG,tabs/detalle-producto/287459,79.000,79.000,79.000,USD,1,,"{""MARCA"":[""MONARCH""],""CATEGORIA"":[""Conservas""]}","[""Conservas""]",NULL,https://riba.app/imgrs/THUMBS%20500X500/287459.JPG,0,0,"[""88""]",79.000,2026-05-08 10:00:23
7677030302,ENSALADA TUNA ESTILO ASIATICA,ENSALADA TUNA ESTILO ASIATICA,ENSALADA TUNA ESTILO ASIATICA,insert,1,https://riba.app/imgrs/THUMBS%20500X500/335095.JPG,tabs/detalle-producto/335095,526.000,526.000,526.000,USD,1,,"{""MARCA"":[""MONARCH""],""CATEGORIA"":[""Conservas""]}","[""Conservas""]",NULL,https://riba.app/imgrs/THUMBS%20500X500/335095.JPG,0,0,"[""88""]",526.000,2026-05-08 10:00:23
7677030322,TUNA CON PASTA ASIATICA,TUNA CON PASTA ASIATICA,TUNA CON PASTA ASIATICA,insert,1,https://riba.app/imgrs/THUMBS%20500X500/348532.JPG,tabs/detalle-producto/348532,526.000,526.000,526.000,USD,1,,"{""MARCA"":[""MONARCH""],""CATEGORIA"":[""Conservas""]}","[""Conservas""]",NULL,https://riba.app/imgrs/THUMBS%20500X500/348532.JPG,0,0,"[""88""]",526.000,2026-05-08 10:00:23
7677030342,ATUN CON PASTA MEDITERRANEA,ATUN CON PASTA MEDITERRANEA,ATUN CON PASTA MEDITERRANEA,insert,1,https://riba.app/imgrs/THUMBS%20500X500/348531.JPG,tabs/detalle-producto/348531,526.000,526.000,526.000,USD,1,,"{""MARCA"":[""MONARCH""],""CATEGORIA"":[""Conservas""]}","[""Conservas""]",NULL,https://riba.app/imgrs/THUMBS%20500X500/348531.JPG,0,0,"[""88""]",526.000,2026-05-08 10:00:23
770236700040,ATUN EN ACEITE OLIVA ,ATUN EN ACEITE OLIVA ,ATUN EN ACEITE OLIVA ,insert,1,https://riba.app/imgrs/THUMBS%20500X500/141665.JPG,tabs/detalle-producto/141665,470.000,470.000,470.000,USD,1,,"{""MARCA"":[""VAN CAMP S""],""CATEGORIA"":[""Conservas""]}","[""Conservas""]",NULL,https://riba.app/imgrs/THUMBS%20500X500/141665.JPG,0,0,"[""88""]",470.000,2026-05-08 10:00:23
770236700055,ATUN EN AGUA  ,ATUN EN AGUA  ,ATUN EN AGUA  ,insert,1,https://riba.app/imgrs/THUMBS%20500X500/141664.JPG,tabs/detalle-producto/141664,426.000,426.000,426.000,USD,1,,"{""MARCA"":[""VAN CAMP S""],""CATEGORIA"":[""Conservas""]}","[""Conservas""]",NULL,https://riba.app/imgrs/THUMBS%20500X500/141664.JPG,0,0,"[""88""]",426.000,2026-05-08 10:00:23
770236700098,ATUN EN AGUA LIGHT SAL 16X3 ,ATUN EN AGUA LIGHT SAL 16X3 ,ATUN EN AGUA LIGHT SAL 16X3 ,insert,1,https://riba.app/imgrs/THUMBS%20500X500/157448.JPG,tabs/detalle-producto/157448,426.000,426.000,426.000,USD,1,,"{""MARCA"":[""VAN CAMP S""],""CATEGORIA"":[""Conservas""]}","[""Conservas""]",NULL,https://riba.app/imgrs/THUMBS%20500X500/157448.JPG,0,0,"[""88""]",426.000,2026-05-08 10:00:23
770236700102,ATUN ACEITE 3 PACK ,ATUN ACEITE 3 PACK ,ATUN ACEITE 3 PACK ,insert,1,https://riba.app/imgrs/THUMBS%20500X500/210090.JPG,tabs/detalle-producto/210090,426.000,426.000,426.000,USD,1,,"{""MARCA"":[""VAN CAMP S""],""CATEGORIA"":[""Conservas""]}","[""Conservas""]",NULL,https://riba.app/imgrs/THUMBS%20500X500/210090.JPG,0,0,"[""88""]",426.000,2026-05-08 10:00:23
770236700261,ATUN EN ACEITE LOMOS,ATUN EN ACEITE LOMOS,ATUN EN ACEITE LOMOS,insert,1,https://riba.app/imgrs/THUMBS%20500X500/141661.JPG,tabs/detalle-producto/141661,282.000,282.000,282.000,USD,1,,"{""MARCA"":[""VAN CAMP S""],""CATEGORIA"":[""Conservas""]}","[""Conservas""]",NULL,https://riba.app/imgrs/THUMBS%20500X500/141661.JPG,0,0,"[""88""]",282.000,2026-05-08 10:00:23
770236700262,ATUN EN AGUA 48 X 160 GR,ATUN EN AGUA 48 X 160 GR,ATUN EN AGUA 48 X 160 GR,insert,1,https://riba.app/imgrs/THUMBS%20500X500/141662.JPG,tabs/detalle-producto/141662,282.000,282.000,282.000,USD,1,,"{""MARCA"":[""VAN CAMP S""],""CATEGORIA"":[""Conservas""]}","[""Conservas""]",NULL,https://riba.app/imgrs/THUMBS%20500X500/141662.JPG,0,0,"[""88""]",282.000,2026-05-08 10:00:23
770236700351,ATUN EN ACEITE DE OLIVA ,ATUN EN ACEITE DE OLIVA ,ATUN EN ACEITE DE OLIVA ,insert,1,https://riba.app/imgrs/THUMBS%20500X500/149133.JPG,tabs/detalle-producto/149133,303.000,303.000,303.000,USD,1,,"{""MARCA"":[""VAN CAMP S""],""CATEGORIA"":[""Conservas""]}","[""Conservas""]",NULL,https://riba.app/imgrs/THUMBS%20500X500/149133.JPG,0,0,"[""88""]",303.000,2026-05-08 10:00:23
770236700360,ATUN ACETE OLIVA 12PK,ATUN ACETE OLIVA 12PK,ATUN ACETE OLIVA 12PK,insert,1,https://riba.app/imgrs/THUMBS%20500X500/360032.JPG,tabs/detalle-producto/360032,1.486.000,1.486.000,1.486.000,USD,1,,"{""MARCA"":[""VAN CAMP´S""],""CATEGORIA"":[""Conservas""]}","[""Conservas""]",NULL,https://riba.app/imgrs/THUMBS%20500X500/360032.JPG,0,0,"[""88""]",1.486.000,2026-05-08 10:00:23
770236700403,ATUN EN AGUA 12PK VCAMPS,ATUN EN AGUA 12PK VCAMPS,ATUN EN AGUA 12PK VCAMPS,insert,1,https://riba.app/imgrs/THUMBS%20500X500/360033.JPG,tabs/detalle-producto/360033,1.384.000,1.384.000,1.384.000,USD,1,,"{""MARCA"":[""VAN CAMP´S""],""CATEGORIA"":[""Conservas""]}","[""Conservas""]",NULL,https://riba.app/imgrs/THUMBS%20500X500/360033.JPG,0,0,"[""88""]",1.384.000,2026-05-08 10:00:23
770236779949,LOMOS DE ATUN EN GIRASOL 12PK,LOMOS DE ATUN EN GIRASOL 12PK,LOMOS DE ATUN EN GIRASOL 12PK,insert,1,https://riba.app/imgrs/THUMBS%20500X500/360034.JPG,tabs/detalle-producto/360034,1.384.000,1.384.000,1.384.000,USD,1,,"{""MARCA"":[""VAN CAMP´S""],""CATEGORIA"":[""Conservas""]}","[""Conservas""]",NULL,https://riba.app/imgrs/THUMBS%20500X500/360034.JPG,0,0,"[""88""]",1.384.000,2026-05-08 10:00:23
776736018207,CAMARONES GRANDES ROYAL SEAFOO,CAMARONES GRANDES ROYAL SEAFOO,CAMARONES GRANDES ROYAL SEAFOO,insert,1,https://riba.app/imgrs/THUMBS%20500X500/340495.JPG,tabs/detalle-producto/340495,625.000,625.000,625.000,USD,1,,"{""MARCA"":[""ROYAL SEAFOODS""],""CATEGORIA"":[""Frutos Del Mar""]}","[""Frutos Del Mar""]",NULL,https://riba.app/imgrs/THUMBS%20500X500/340495.JPG,0,0,"[""102""]",625.000,2026-05-08 10:00:23
776736018586,ATUN LOMOS ACEITE TRUFA,ATUN LOMOS ACEITE TRUFA,ATUN LOMOS ACEITE TRUFA,insert,1,https://riba.app/imgrs/THUMBS%20500X500/340520.JPG,tabs/detalle-producto/340520,186.000,186.000,186.000,USD,1,,"{""MARCA"":[""ROYAL PRINCE""],""CATEGORIA"":[""Conservas""]}","[""Conservas""]",NULL,https://riba.app/imgrs/THUMBS%20500X500/340520.JPG,0,0,"[""88""]",186.000,2026-05-08 10:00:23
776736018964,ALMEJAS EN CONCHA RSF,ALMEJAS EN CONCHA RSF,ALMEJAS EN CONCHA RSF,insert,1,https://riba.app/imgrs/THUMBS%20500X500/345300.JPG,tabs/detalle-producto/345300,313.000,313.000,313.000,USD,1,,"{""MARCA"":[""ROYAL SEAFOODS""],""CATEGORIA"":[""Frutos Del Mar""]}","[""Frutos Del Mar""]",NULL,https://riba.app/imgrs/THUMBS%20500X500/345300.JPG,0,0,"[""102""]",313.000,2026-05-08 10:00:23
776736019185,TENTACULOS DE PULPO CONGELADO,TENTACULOS DE PULPO CONGELADO,TENTACULOS DE PULPO CONGELADO,insert,1,https://riba.app/imgrs/THUMBS%20500X500/345299.JPG,tabs/detalle-producto/345299,2.083.000,2.083.000,2.083.000,USD,1,,"{""MARCA"":[""ROYAL SEAFOODS""],""CATEGORIA"":[""Frutos Del Mar""]}","[""Frutos Del Mar""]",NULL,https://riba.app/imgrs/THUMBS%20500X500/345299.JPG,0,0,"[""102""]",2.083.000,2026-05-08 10:00:23
780123500240,LOMO DE JUREL EN AGUA ,LOMO DE JUREL EN AGUA ,LOMO DE JUREL EN AGUA ,insert,1,https://riba.app/imgrs/THUMBS%20500X500/341387.JPG,tabs/detalle-producto/341387,193.000,193.000,193.000,USD,1,,"{""MARCA"":[""SAN JOSE ""],""CATEGORIA"":[""Conservas""]}","[""Conservas""]",NULL,https://riba.app/imgrs/THUMBS%20500X500/341387.JPG,0,0,"[""88""]",193.000,2026-05-08 10:00:23
780123500241,LOMO DE JUREL EN ACEITE,LOMO DE JUREL EN ACEITE,LOMO DE JUREL EN ACEITE,insert,1,https://riba.app/imgrs/THUMBS%20500X500/341426.JPG,tabs/detalle-producto/341426,193.000,193.000,193.000,USD,1,,"{""MARCA"":[""SAN JOSE ""],""CATEGORIA"":[""Conservas""]}","[""Conservas""]",NULL,https://riba.app/imgrs/THUMBS%20500X500/341426.JPG,0,0,"[""88""]",193.000,2026-05-08 10:00:23
780123500242,LOMO DE JUREL AHUMADO,LOMO DE JUREL AHUMADO,LOMO DE JUREL AHUMADO,insert,1,https://riba.app/imgrs/THUMBS%20500X500/341391.JPG,tabs/detalle-producto/341391,193.000,193.000,193.000,USD,1,,"{""MARCA"":[""SAN JOSE ""],""CATEGORIA"":[""Conservas""]}","[""Conservas""]",NULL,https://riba.app/imgrs/THUMBS%20500X500/341391.JPG,0,0,"[""88""]",193.000,2026-05-08 10:00:23
786122301247,DEDITOS DE PESCADO,DEDITOS DE PESCADO,DEDITOS DE PESCADO,insert,1,https://riba.app/imgrs/THUMBS%20500X500/348559.JPG,tabs/detalle-producto/348559,180.000,180.000,180.000,USD,1,,"{""MARCA"":[""MR. FISH""],""CATEGORIA"":[""Comidas Preparadas""]}","[""Comidas Preparadas""]",NULL,https://riba.app/imgrs/THUMBS%20500X500/348559.JPG,0,0,"[""91""]",180.000,2026-05-08 10:00:23
786122301250,CROQUETAS DE PESCADO,CROQUETAS DE PESCADO,CROQUETAS DE PESCADO,insert,1,https://riba.app/imgrs/THUMBS%20500X500/348561.JPG,tabs/detalle-producto/348561,354.000,354.000,354.000,USD,1,,"{""MARCA"":[""MR. FISH""],""CATEGORIA"":[""Comidas Preparadas""]}","[""Comidas Preparadas""]",NULL,https://riba.app/imgrs/THUMBS%20500X500/348561.JPG,0,0,"[""91""]",354.000,2026-05-08 10:00:23
786122301251,CROQUETA MUNDO MARINO,CROQUETA MUNDO MARINO,CROQUETA MUNDO MARINO,insert,1,https://riba.app/imgrs/THUMBS%20500X500/348564.JPG,tabs/detalle-producto/348564,332.000,332.000,332.000,USD,1,,"{""MARCA"":[""MR. FISH""],""CATEGORIA"":[""Comidas Preparadas""]}","[""Comidas Preparadas""]",NULL,https://riba.app/imgrs/THUMBS%20500X500/348564.JPG,0,0,"[""91""]",332.000,2026-05-08 10:00:23
8000000334,TUNA STAR KIST AGUA 12 ONZ,TUNA STAR KIST AGUA 12 ONZ,TUNA STAR KIST AGUA 12 ONZ,insert,1,https://riba.app/imgrs/THUMBS%20500X500/10169.JPG,tabs/detalle-producto/10169,443.000,443.000,443.000,USD,1,,"{""MARCA"":[""STAR KIST""],""CATEGORIA"":[""Conservas""]}","[""Conservas""]",NULL,https://riba.app/imgrs/THUMBS%20500X500/10169.JPG,0,0,"[""88""]",443.000,2026-05-08 10:00:23
8000000671,CHUNK WHITE ALBACOR TUNA WATER,CHUNK WHITE ALBACOR TUNA WATER,CHUNK WHITE ALBACOR TUNA WATER,insert,1,https://riba.app/imgrs/THUMBS%20500X500/155527.JPG,tabs/detalle-producto/155527,195.000,195.000,195.000,USD,1,,"{""MARCA"":[""STAR KIST""],""CATEGORIA"":[""Conservas""]}","[""Conservas""]",NULL,https://riba.app/imgrs/THUMBS%20500X500/155527.JPG,0,0,"[""88""]",195.000,2026-05-08 10:00:23
8000000672,SKIST SOLD WHITE TUNA IN WATER,SKIST SOLD WHITE TUNA IN WATER,SKIST SOLD WHITE TUNA IN WATER,insert,1,https://riba.app/imgrs/THUMBS%20500X500/156410.JPG,tabs/detalle-producto/156410,220.000,220.000,220.000,USD,1,,"{""MARCA"":[""STAR KIST""],""CATEGORIA"":[""Conservas""]}","[""Conservas""]",NULL,https://riba.app/imgrs/THUMBS%20500X500/156410.JPG,0,0,"[""88""]",220.000,2026-05-08 10:00:23
8000000676,SKIST GOURMET SOLID LIGHT WTR,SKIST GOURMET SOLID LIGHT WTR,SKIST GOURMET SOLID LIGHT WTR,insert,1,https://riba.app/imgrs/THUMBS%20500X500/157035.JPG,tabs/detalle-producto/157035,296.000,296.000,296.000,USD,1,,"{""MARCA"":[""STAR KIST""],""CATEGORIA"":[""Conservas""]}","[""Conservas""]",NULL,https://riba.app/imgrs/THUMBS%20500X500/157035.JPG,0,0,"[""88""]",296.000,2026-05-08 10:00:23
8000000677,SKIST SOLID LIGHT TUNA OIL,SKIST SOLID LIGHT TUNA OIL,SKIST SOLID LIGHT TUNA OIL,insert,1,https://riba.app/imgrs/THUMBS%20500X500/155869.JPG,tabs/detalle-producto/155869,296.000,296.000,296.000,USD,1,,"{""MARCA"":[""STAR KIST""],""CATEGORIA"":[""Conservas""]}","[""Conservas""]",NULL,https://riba.app/imgrs/THUMBS%20500X500/155869.JPG,0,0,"[""88""]",296.000,2026-05-08 10:00:23
8000001484,SK SOLID WHT WATER 9 OZ STARKI,SK SOLID WHT WATER 9 OZ STARKI,SK SOLID WHT WATER 9 OZ STARKI,insert,1,https://riba.app/imgrs/THUMBS%20500X500/44551.JPG,tabs/detalle-producto/44551,595.000,595.000,595.000,USD,1,,"{""MARCA"":[""STAR KIST""],""CATEGORIA"":[""Conservas""]}","[""Conservas""]",NULL,https://riba.app/imgrs/THUMBS%20500X500/44551.JPG,0,0,"[""88""]",595.000,2026-05-08 10:00:23
8000049522,S/KIST CHNK WHT TUNA IN W,S/KIST CHNK WHT TUNA IN W,S/KIST CHNK WHT TUNA IN W,insert,1,https://riba.app/imgrs/THUMBS%20500X500/157760.JPG,tabs/detalle-producto/157760,273.000,273.000,273.000,USD,1,,"{""MARCA"":[""STAR KIST""],""CATEGORIA"":[""Conservas""]}","[""Conservas""]",NULL,https://riba.app/imgrs/THUMBS%20500X500/157760.JPG,0,0,"[""88""]",273.000,2026-05-08 10:00:23
8000049525,SKIST CHUNKLIGHT TUNA IN WATER,SKIST CHUNKLIGHT TUNA IN WATER,SKIST CHUNKLIGHT TUNA IN WATER,insert,1,https://riba.app/imgrs/THUMBS%20500X500/156713.JPG,tabs/detalle-producto/156713,425.000,425.000,425.000,USD,1,,"{""MARCA"":[""STAR KIST""],""CATEGORIA"":[""Conservas""]}","[""Conservas""]",NULL,https://riba.app/imgrs/THUMBS%20500X500/156713.JPG,0,0,"[""88""]",425.000,2026-05-08 10:00:23
8000049542,SKIST LUNCH TO GO ALBACORE,SKIST LUNCH TO GO ALBACORE,SKIST LUNCH TO GO ALBACORE,insert,1,https://riba.app/imgrs/THUMBS%20500X500/156411.JPG,tabs/detalle-producto/156411,330.000,330.000,330.000,USD,1,,"{""MARCA"":[""STAR KIST""],""CATEGORIA"":[""Conservas""]}","[""Conservas""]",NULL,https://riba.app/imgrs/THUMBS%20500X500/156411.JPG,0,0,"[""88""]",330.000,2026-05-08 10:00:23
8000050528,SKIST LOW SODIUM ALBACORE TUNA,SKIST LOW SODIUM ALBACORE TUNA,SKIST LOW SODIUM ALBACORE TUNA,insert,1,https://riba.app/imgrs/THUMBS%20500X500/200566.JPG,tabs/detalle-producto/200566,273.000,273.000,273.000,USD,1,,"{""MARCA"":[""STAR KIST""],""CATEGORIA"":[""Conservas""]}","[""Conservas""]",NULL,https://riba.app/imgrs/THUMBS%20500X500/200566.JPG,0,0,"[""88""]",273.000,2026-05-08 10:00:23
8000051092,TUNA CHUNK LIGHT AGUA ST  KIST,TUNA CHUNK LIGHT AGUA ST  KIST,TUNA CHUNK LIGHT AGUA ST  KIST,insert,1,https://riba.app/imgrs/THUMBS%20500X500/10165.JPG,tabs/detalle-producto/10165,177.000,177.000,177.000,USD,1,,"{""MARCA"":[""STAR KIST""],""CATEGORIA"":[""Conservas""]}","[""Conservas""]",NULL,https://riba.app/imgrs/THUMBS%20500X500/10165.JPG,0,0,"[""88""]",177.000,2026-05-08 10:00:23
8000051093,ATUN TROZOS ACEITE VEG DIETA,ATUN TROZOS ACEITE VEG DIETA,ATUN TROZOS ACEITE VEG DIETA,insert,1,https://riba.app/imgrs/THUMBS%20500X500/10166.JPG,tabs/detalle-producto/10166,204.000,204.000,204.000,USD,1,,"{""MARCA"":[""STAR KIST""],""CATEGORIA"":[""Conservas""]}","[""Conservas""]",NULL,https://riba.app/imgrs/THUMBS%20500X500/10166.JPG,0,0,"[""88""]",204.000,2026-05-08 10:00:23
8000051094,ATUN SOLIDA EN AGUA DIETA,ATUN SOLIDA EN AGUA DIETA,ATUN SOLIDA EN AGUA DIETA,insert,1,https://riba.app/imgrs/THUMBS%20500X500/137382.JPG,tabs/detalle-producto/137382,241.000,241.000,241.000,USD,1,,"{""MARCA"":[""STAR KIST""],""CATEGORIA"":[""Conservas""]}","[""Conservas""]",NULL,https://riba.app/imgrs/THUMBS%20500X500/137382.JPG,0,0,"[""88""]",241.000,2026-05-08 10:00:23
8000051103,ATUN SOLIDA  ACEITE VEG DIETA,ATUN SOLIDA  ACEITE VEG DIETA,ATUN SOLIDA  ACEITE VEG DIETA,insert,1,https://riba.app/imgrs/THUMBS%20500X500/137383.JPG,tabs/detalle-producto/137383,246.000,246.000,246.000,USD,1,,"{""MARCA"":[""STAR KIST""],""CATEGORIA"":[""Conservas""]}","[""Conservas""]",NULL,https://riba.app/imgrs/THUMBS%20500X500/137383.JPG,0,0,"[""88""]",246.000,2026-05-08 10:00:23
8000051308,SKIST TUNA CREAT SWEET SPICY,SKIST TUNA CREAT SWEET SPICY,SKIST TUNA CREAT SWEET SPICY,insert,1,https://riba.app/imgrs/THUMBS%20500X500/203416.JPG,tabs/detalle-producto/203416,210.000,210.000,210.000,USD,1,,"{""MARCA"":[""STAR KIST""],""CATEGORIA"":[""Conservas""]}","[""Conservas""]",NULL,https://riba.app/imgrs/THUMBS%20500X500/203416.JPG,0,0,"[""88""]",210.000,2026-05-08 10:00:23
8000051309,SKIST TUNA ZESTY LEMON PEPPER,SKIST TUNA ZESTY LEMON PEPPER,SKIST TUNA ZESTY LEMON PEPPER,insert,1,https://riba.app/imgrs/THUMBS%20500X500/202784.JPG,tabs/detalle-producto/202784,210.000,210.000,210.000,USD,1,,"{""MARCA"":[""STAR KIST""],""CATEGORIA"":[""Conservas""]}","[""Conservas""]",NULL,https://riba.app/imgrs/THUMBS%20500X500/202784.JPG,0,0,"[""88""]",210.000,2026-05-08 10:00:23
803360975226,FILETE DE SGOMBRO LISO,FILETE DE SGOMBRO LISO,FILETE DE SGOMBRO LISO,insert,1,https://riba.app/imgrs/THUMBS%20500X500/338769.JPG,tabs/detalle-producto/338769,932.000,932.000,932.000,USD,1,,"{""MARCA"":[""LISOLA D ORO""],""CATEGORIA"":[""Conservas""]}","[""Conservas""]",NULL,https://riba.app/imgrs/THUMBS%20500X500/338769.JPG,0,0,"[""88""]",932.000,2026-05-08 10:00:23
803360975309,FILETE ATUN ACEITE OLIVA TONNO,FILETE ATUN ACEITE OLIVA TONNO,FILETE ATUN ACEITE OLIVA TONNO,insert,1,https://riba.app/imgrs/THUMBS%20500X500/338372.JPG,tabs/detalle-producto/338372,821.000,821.000,821.000,USD,1,,"{""MARCA"":[""LISOLA D ORO""],""CATEGORIA"":[""Conservas""]}","[""Conservas""]",NULL,https://riba.app/imgrs/THUMBS%20500X500/338372.JPG,0,0,"[""88""]",821.000,2026-05-08 10:00:23
805053825080,ATUN EN ACEITE ,ATUN EN ACEITE ,ATUN EN ACEITE ,insert,1,https://riba.app/imgrs/THUMBS%20500X500/286667.JPG,tabs/detalle-producto/286667,186.000,186.000,186.000,USD,1,,"{""MARCA"":[""TUNA HAT ""],""CATEGORIA"":[""Conservas""]}","[""Conservas""]",NULL,https://riba.app/imgrs/THUMBS%20500X500/286667.JPG,0,0,"[""88""]",186.000,2026-05-08 10:00:23
805053825081,ATUN EN AGUA ,ATUN EN AGUA ,ATUN EN AGUA ,insert,1,https://riba.app/imgrs/THUMBS%20500X500/286666.JPG,tabs/detalle-producto/286666,186.000,186.000,186.000,USD,1,,"{""MARCA"":[""TUNA HAT ""],""CATEGORIA"":[""Conservas""]}","[""Conservas""]",NULL,https://riba.app/imgrs/THUMBS%20500X500/286666.JPG,0,0,"[""88""]",186.000,2026-05-08 10:00:23
805053825082,ATUN EN ACEITE DE OLIVA ,ATUN EN ACEITE DE OLIVA ,ATUN EN ACEITE DE OLIVA ,insert,1,https://riba.app/imgrs/THUMBS%20500X500/286669.JPG,tabs/detalle-producto/286669,186.000,186.000,186.000,USD,1,,"{""MARCA"":[""TUNA HAT ""],""CATEGORIA"":[""Conservas""]}","[""Conservas""]",NULL,https://riba.app/imgrs/THUMBS%20500X500/286669.JPG,0,0,"[""88""]",186.000,2026-05-08 10:00:23
805053825083,ATUN EN ACEITE AHUMADA ,ATUN EN ACEITE AHUMADA ,ATUN EN ACEITE AHUMADA ,insert,1,https://riba.app/imgrs/THUMBS%20500X500/286668.JPG,tabs/detalle-producto/286668,186.000,186.000,186.000,USD,1,,"{""MARCA"":[""TUNA HAT ""],""CATEGORIA"":[""Conservas""]}","[""Conservas""]",NULL,https://riba.app/imgrs/THUMBS%20500X500/286668.JPG,0,0,"[""88""]",186.000,2026-05-08 10:00:23
8081652,FILETES DE ANCHOA BUCANIERI,FILETES DE ANCHOA BUCANIERI,FILETES DE ANCHOA BUCANIERI,insert,1,https://riba.app/imgrs/THUMBS%20500X500/308051.JPG,tabs/detalle-producto/308051,751.000,751.000,751.000,USD,1,,"{""MARCA"":[""BUCANIERI""],""CATEGORIA"":[""Conservas""]}","[""Conservas""]",NULL,https://riba.app/imgrs/THUMBS%20500X500/308051.JPG,0,0,"[""88""]",751.000,2026-05-08 10:00:23
81011563259,PANAMEI SALMON PORTION,PANAMEI SALMON PORTION,PANAMEI SALMON PORTION,insert,1,https://riba.app/imgrs/THUMBS%20500X500/301724.JPG,tabs/detalle-producto/301724,1.508.000,1.508.000,1.508.000,USD,1,,"{""MARCA"":[""PANAMEI SEAFOOD""],""CATEGORIA"":[""Pescados""]}","[""Pescados""]",NULL,https://riba.app/imgrs/THUMBS%20500X500/301724.JPG,0,0,"[""103""]",1.508.000,2026-05-08 10:00:23
81120703030,DUO PACK  DE OB  COBIA ,DUO PACK  DE OB  COBIA ,DUO PACK  DE OB  COBIA ,insert,1,https://riba.app/imgrs/THUMBS%20500X500/291455.JPG,tabs/detalle-producto/291455,995.000,995.000,995.000,USD,1,,"{""MARCA"":[""OPEN BLUE ""],""CATEGORIA"":[""Pescados""]}","[""Pescados""]",NULL,https://riba.app/imgrs/THUMBS%20500X500/291455.JPG,0,0,"[""103""]",995.000,2026-05-08 10:00:23
81120703031,FAMILY  PACK DE OB COBIA ,FAMILY  PACK DE OB COBIA ,FAMILY  PACK DE OB COBIA ,insert,1,https://riba.app/imgrs/THUMBS%20500X500/291457.JPG,tabs/detalle-producto/291457,1.973.000,1.973.000,1.973.000,USD,1,,"{""MARCA"":[""OPEN BLUE ""],""CATEGORIA"":[""Pescados""]}","[""Pescados""]",NULL,https://riba.app/imgrs/THUMBS%20500X500/291457.JPG,0,0,"[""103""]",1.973.000,2026-05-08 10:00:23
81120703043,PESCADO COBIA BLANCO,PESCADO COBIA BLANCO,PESCADO COBIA BLANCO,insert,1,https://riba.app/imgrs/THUMBS%20500X500/314451.JPG,tabs/detalle-producto/314451,616.000,616.000,616.000,USD,1,,"{""MARCA"":[""OPEN BLUE ""],""CATEGORIA"":[""Pescados""]}","[""Pescados""]",NULL,https://riba.app/imgrs/THUMBS%20500X500/314451.JPG,0,0,"[""103""]",616.000,2026-05-08 10:00:23
81120703048,HAMBURGUESAS DE COIBA,HAMBURGUESAS DE COIBA,HAMBURGUESAS DE COIBA,insert,1,https://riba.app/imgrs/THUMBS%20500X500/346762.JPG,tabs/detalle-producto/346762,1.127.000,1.127.000,1.127.000,USD,1,,"{""MARCA"":[""OPEN BLUE ""],""CATEGORIA"":[""Comidas Preparadas""]}","[""Comidas Preparadas""]",NULL,https://riba.app/imgrs/THUMBS%20500X500/346762.JPG,0,0,"[""91""]",1.127.000,2026-05-08 10:00:23
81807202003,ST. JAMES GRVADLAX SMKD SALMON,ST. JAMES GRVADLAX SMKD SALMON,ST. JAMES GRVADLAX SMKD SALMON,insert,1,https://riba.app/imgrs/THUMBS%20500X500/349996.JPG,tabs/detalle-producto/349996,1.645.000,1.645.000,1.645.000,USD,1,,"{""MARCA"":[""ST. JAMES""],""CATEGORIA"":[""Pescados""]}","[""Pescados""]",NULL,https://riba.app/imgrs/THUMBS%20500X500/349996.JPG,0,0,"[""103""]",1.645.000,2026-05-08 10:00:23
81807202013,ST. JAMES WHISKY HONEY SALMON,ST. JAMES WHISKY HONEY SALMON,ST. JAMES WHISKY HONEY SALMON,insert,1,https://riba.app/imgrs/THUMBS%20500X500/349999.JPG,tabs/detalle-producto/349999,1.645.000,1.645.000,1.645.000,USD,1,,"{""MARCA"":[""ST. JAMES""],""CATEGORIA"":[""Pescados""]}","[""Pescados""]",NULL,https://riba.app/imgrs/THUMBS%20500X500/349999.JPG,0,0,"[""103""]",1.645.000,2026-05-08 10:00:23
81807202032,ST. JAMES PASTRAMI SMKD SALMON,ST. JAMES PASTRAMI SMKD SALMON,ST. JAMES PASTRAMI SMKD SALMON,insert,1,https://riba.app/imgrs/THUMBS%20500X500/350000.JPG,tabs/detalle-producto/350000,1.275.000,1.275.000,1.275.000,USD,1,,"{""MARCA"":[""ST. JAMES""],""CATEGORIA"":[""Pescados""]}","[""Pescados""]",NULL,https://riba.app/imgrs/THUMBS%20500X500/350000.JPG,0,0,"[""103""]",1.275.000,2026-05-08 10:00:23
82085600002,LOMITOS DE PESCADO APANADO,LOMITOS DE PESCADO APANADO,LOMITOS DE PESCADO APANADO,insert,1,https://riba.app/imgrs/THUMBS%20500X500/66172.JPG,tabs/detalle-producto/66172,500.000,500.000,500.000,USD,1,,"{""MARCA"":[""SEA MAID ""],""CATEGORIA"":[""Comidas Preparadas""]}","[""Comidas Preparadas""]",NULL,https://riba.app/imgrs/THUMBS%20500X500/66172.JPG,0,0,"[""91""]",500.000,2026-05-08 10:00:23
82085600003,DEDITOS DE PESCADO APANADO,DEDITOS DE PESCADO APANADO,DEDITOS DE PESCADO APANADO,insert,1,https://riba.app/imgrs/THUMBS%20500X500/69622.JPG,tabs/detalle-producto/69622,388.000,388.000,388.000,USD,1,,"{""MARCA"":[""SEA MAID ""],""CATEGORIA"":[""Comidas Preparadas""]}","[""Comidas Preparadas""]",NULL,https://riba.app/imgrs/THUMBS%20500X500/69622.JPG,0,0,"[""91""]",388.000,2026-05-08 10:00:23
82085600014,MIXTO MARISCO SALSA ROJA,MIXTO MARISCO SALSA ROJA,MIXTO MARISCO SALSA ROJA,insert,1,https://riba.app/imgrs/THUMBS%20500X500/74570.JPG,tabs/detalle-producto/74570,400.000,400.000,400.000,USD,1,,"{""MARCA"":[""SEA MAID ""],""CATEGORIA"":[""Frutos Del Mar""]}","[""Frutos Del Mar""]",NULL,https://riba.app/imgrs/THUMBS%20500X500/74570.JPG,0,0,"[""102""]",400.000,2026-05-08 10:00:23
82085600029,CAMARON PELADO 397GR ,CAMARON PELADO 397GR ,CAMARON PELADO 397GR ,insert,1,https://riba.app/imgrs/THUMBS%20500X500/329643.JPG,tabs/detalle-producto/329643,850.000,850.000,850.000,USD,1,,"{""MARCA"":[""SEA MAID ""],""CATEGORIA"":[""Frutos Del Mar""]}","[""Frutos Del Mar""]",NULL,https://riba.app/imgrs/THUMBS%20500X500/329643.JPG,0,0,"[""102""]",850.000,2026-05-08 10:00:23
82085600141,CAMARON ROJO DESVENADO,CAMARON ROJO DESVENADO,CAMARON ROJO DESVENADO,insert,1,https://riba.app/imgrs/THUMBS%20500X500/226451.JPG,tabs/detalle-producto/226451,2.503.000,2.503.000,2.503.000,USD,1,,"{""MARCA"":[""SEA MAID""],""CATEGORIA"":[""Frutos Del Mar""]}","[""Frutos Del Mar""]",NULL,https://riba.app/imgrs/THUMBS%20500X500/226451.JPG,0,0,"[""102""]",2.503.000,2026-05-08 10:00:23
82085600199,NUGGETS DE CAMARON,NUGGETS DE CAMARON,NUGGETS DE CAMARON,insert,1,https://riba.app/imgrs/THUMBS%20500X500/226447.JPG,tabs/detalle-producto/226447,190.000,190.000,190.000,USD,1,,"{""MARCA"":[""SEA MAID ""],""CATEGORIA"":[""Frutos Del Mar""]}","[""Frutos Del Mar""]",NULL,https://riba.app/imgrs/THUMBS%20500X500/226447.JPG,0,0,"[""102""]",190.000,2026-05-08 10:00:23
82085600211,ANILLOS DE CALAMAR,ANILLOS DE CALAMAR,ANILLOS DE CALAMAR,insert,1,https://riba.app/imgrs/THUMBS%20500X500/200618.JPG,tabs/detalle-producto/200618,1.015.000,1.015.000,1.015.000,USD,1,,"{""MARCA"":[""SEA MAID ""],""CATEGORIA"":[""Frutos Del Mar""]}","[""Frutos Del Mar""]",NULL,https://riba.app/imgrs/THUMBS%20500X500/200618.JPG,0,0,"[""102""]",1.015.000,2026-05-08 10:00:23
82085600260,DEDITOS DE  PESCADOS,DEDITOS DE  PESCADOS,DEDITOS DE  PESCADOS,insert,1,https://riba.app/imgrs/THUMBS%20500X500/200620.JPG,tabs/detalle-producto/200620,472.000,472.000,472.000,USD,1,,"{""MARCA"":[""SEA MAID ""],""CATEGORIA"":[""Comidas Preparadas""]}","[""Comidas Preparadas""]",NULL,https://riba.app/imgrs/THUMBS%20500X500/200620.JPG,0,0,"[""91""]",472.000,2026-05-08 10:00:23
82085600350,MEJILLONES EN CARNE,MEJILLONES EN CARNE,MEJILLONES EN CARNE,insert,1,https://riba.app/imgrs/THUMBS%20500X500/226450.JPG,tabs/detalle-producto/226450,572.000,572.000,572.000,USD,1,,"{""MARCA"":[""SEA MAID ""],""CATEGORIA"":[""Frutos Del Mar""]}","[""Frutos Del Mar""]",NULL,https://riba.app/imgrs/THUMBS%20500X500/226450.JPG,0,0,"[""102""]",572.000,2026-05-08 10:00:23
82085600360,ARANITAS DE CALAMAR,ARANITAS DE CALAMAR,ARANITAS DE CALAMAR,insert,1,https://riba.app/imgrs/THUMBS%20500X500/341053.JPG,tabs/detalle-producto/341053,1.104.000,1.104.000,1.104.000,USD,1,,"{""MARCA"":[""SEA MAID ""],""CATEGORIA"":[""Frutos Del Mar""]}","[""Frutos Del Mar""]",NULL,https://riba.app/imgrs/THUMBS%20500X500/341053.JPG,0,0,"[""102""]",1.104.000,2026-05-08 10:00:23
82085600672,MIXTO DE MARISCOS SEA MAID,MIXTO DE MARISCOS SEA MAID,MIXTO DE MARISCOS SEA MAID,insert,1,https://riba.app/imgrs/THUMBS%20500X500/341052.JPG,tabs/detalle-producto/341052,813.000,813.000,813.000,USD,1,,"{""MARCA"":[""SEA MAID ""],""CATEGORIA"":[""Frutos Del Mar""]}","[""Frutos Del Mar""]",NULL,https://riba.app/imgrs/THUMBS%20500X500/341052.JPG,0,0,"[""102""]",813.000,2026-05-08 10:00:23
82471022123,BLACKENED SALMON PORTI PIER33,BLACKENED SALMON PORTI PIER33,BLACKENED SALMON PORTI PIER33,insert,1,https://riba.app/imgrs/THUMBS%20500X500/328973.JPG,tabs/detalle-producto/328973,1.550.000,1.550.000,1.550.000,USD,1,,"{""MARCA"":[""PIER 33 GOURMET ""],""CATEGORIA"":[""Pescados""]}","[""Pescados""]",NULL,https://riba.app/imgrs/THUMBS%20500X500/328973.JPG,0,0,"[""103""]",1.550.000,2026-05-08 10:00:23
82471022124,BOURBON SALMON PIER 33,BOURBON SALMON PIER 33,BOURBON SALMON PIER 33,insert,1,https://riba.app/imgrs/THUMBS%20500X500/328974.JPG,tabs/detalle-producto/328974,1.550.000,1.550.000,1.550.000,USD,1,,"{""MARCA"":[""PIER 33 GOURMET ""],""CATEGORIA"":[""Pescados""]}","[""Pescados""]",NULL,https://riba.app/imgrs/THUMBS%20500X500/328974.JPG,0,0,"[""103""]",1.550.000,2026-05-08 10:00:23
82471033315,ATLANTIC SALMON VALU PIER 33,ATLANTIC SALMON VALU PIER 33,ATLANTIC SALMON VALU PIER 33,insert,1,https://riba.app/imgrs/THUMBS%20500X500/328976.JPG,tabs/detalle-producto/328976,2.280.000,2.280.000,2.280.000,USD,1,,"{""MARCA"":[""PIER 33 GOURMET ""],""CATEGORIA"":[""Pescados""]}","[""Pescados""]",NULL,https://riba.app/imgrs/THUMBS%20500X500/328976.JPG,0,0,"[""103""]",2.280.000,2026-05-08 10:00:23
82969600080,WILDPLNT SRDINE XTR VRGN O OIL,WILDPLNT SRDINE XTR VRGN O OIL,WILDPLNT SRDINE XTR VRGN O OIL,insert,1,https://riba.app/imgrs/THUMBS%20500X500/205197.JPG,tabs/detalle-producto/205197,380.000,380.000,380.000,USD,1,,"{""MARCA"":[""WILD PLANET ""],""CATEGORIA"":[""Conservas""]}","[""Conservas""]",NULL,https://riba.app/imgrs/THUMBS%20500X500/205197.JPG,0,0,"[""88""]",380.000,2026-05-08 10:00:23
841004212210,ATUN CLARO EN ACEITE DE OLIVA,ATUN CLARO EN ACEITE DE OLIVA,ATUN CLARO EN ACEITE DE OLIVA,insert,1,https://riba.app/imgrs/THUMBS%20500X500/277621.JPG,tabs/detalle-producto/277621,236.000,236.000,236.000,USD,1,,"{""MARCA"":[""PAY PAY""],""CATEGORIA"":[""Conservas""]}","[""Conservas""]",NULL,https://riba.app/imgrs/THUMBS%20500X500/277621.JPG,0,0,"[""88""]",236.000,2026-05-08 10:00:23
841004212251,ATUN CLARO AL NATURAL,ATUN CLARO AL NATURAL,ATUN CLARO AL NATURAL,insert,1,https://riba.app/imgrs/THUMBS%20500X500/277624.JPG,tabs/detalle-producto/277624,198.000,198.000,198.000,USD,1,,"{""MARCA"":[""PAY PAY""],""CATEGORIA"":[""Conservas""]}","[""Conservas""]",NULL,https://riba.app/imgrs/THUMBS%20500X500/277624.JPG,0,0,"[""88""]",198.000,2026-05-08 10:00:23
841004214530,BERBERECHOS AL NATURAL,BERBERECHOS AL NATURAL,BERBERECHOS AL NATURAL,insert,1,https://riba.app/imgrs/THUMBS%20500X500/277628.JPG,tabs/detalle-producto/277628,750.000,750.000,750.000,USD,1,,"{""MARCA"":[""PAY PAY""],""CATEGORIA"":[""Conservas""]}","[""Conservas""]",NULL,https://riba.app/imgrs/THUMBS%20500X500/277628.JPG,0,0,"[""88""]",750.000,2026-05-08 10:00:23
841004215630,CALAMARES EN SALSA AMERICANA,CALAMARES EN SALSA AMERICANA,CALAMARES EN SALSA AMERICANA,insert,1,https://riba.app/imgrs/THUMBS%20500X500/277630.JPG,tabs/detalle-producto/277630,198.000,198.000,198.000,USD,1,,"{""MARCA"":[""PAY PAY""],""CATEGORIA"":[""Conservas""]}","[""Conservas""]",NULL,https://riba.app/imgrs/THUMBS%20500X500/277630.JPG,0,0,"[""88""]",198.000,2026-05-08 10:00:23
841004215640,CALAMARES TROZOS EN SU TINTA,CALAMARES TROZOS EN SU TINTA,CALAMARES TROZOS EN SU TINTA,insert,1,https://riba.app/imgrs/THUMBS%20500X500/277629.JPG,tabs/detalle-producto/277629,198.000,198.000,198.000,USD,1,,"{""MARCA"":[""PAY PAY""],""CATEGORIA"":[""Conservas""]}","[""Conservas""]",NULL,https://riba.app/imgrs/THUMBS%20500X500/277629.JPG,0,0,"[""88""]",198.000,2026-05-08 10:00:23
841004216400,DELICIAS DEL MAR AL AJILLO PIC,DELICIAS DEL MAR AL AJILLO PIC,DELICIAS DEL MAR AL AJILLO PIC,insert,1,https://riba.app/imgrs/THUMBS%20500X500/277625.JPG,tabs/detalle-producto/277625,198.000,198.000,198.000,USD,1,,"{""MARCA"":[""PAY PAY""],""CATEGORIA"":[""Conservas""]}","[""Conservas""]",NULL,https://riba.app/imgrs/THUMBS%20500X500/277625.JPG,0,0,"[""88""]",198.000,2026-05-08 10:00:23
841004217340,MEJILLONES EN ESCABECHE,MEJILLONES EN ESCABECHE,MEJILLONES EN ESCABECHE,insert,1,https://riba.app/imgrs/THUMBS%20500X500/277627.JPG,tabs/detalle-producto/277627,286.000,286.000,286.000,USD,1,,"{""MARCA"":[""PAY PAY""],""CATEGORIA"":[""Conservas""]}","[""Conservas""]",NULL,https://riba.app/imgrs/THUMBS%20500X500/277627.JPG,0,0,"[""88""]",286.000,2026-05-08 10:00:23
841004217375,MEJILLONES AL NATURAL ,MEJILLONES AL NATURAL ,MEJILLONES AL NATURAL ,insert,1,https://riba.app/imgrs/THUMBS%20500X500/277626.JPG,tabs/detalle-producto/277626,286.000,286.000,286.000,USD,1,,"{""MARCA"":[""PAY PAY""],""CATEGORIA"":[""Conservas""]}","[""Conservas""]",NULL,https://riba.app/imgrs/THUMBS%20500X500/277626.JPG,0,0,"[""88""]",286.000,2026-05-08 10:00:23
841004218805,SARDINAS PICANTES EN ACEITE,SARDINAS PICANTES EN ACEITE,SARDINAS PICANTES EN ACEITE,insert,1,https://riba.app/imgrs/THUMBS%20500X500/277620.JPG,tabs/detalle-producto/277620,198.000,198.000,198.000,USD,1,,"{""MARCA"":[""PAY PAY""],""CATEGORIA"":[""Conservas""]}","[""Conservas""]",NULL,https://riba.app/imgrs/THUMBS%20500X500/277620.JPG,0,0,"[""88""]",198.000,2026-05-08 10:00:23
841004218850,SARDINAS EN ESCABECHE,SARDINAS EN ESCABECHE,SARDINAS EN ESCABECHE,insert,1,https://riba.app/imgrs/THUMBS%20500X500/277619.JPG,tabs/detalle-producto/277619,198.000,198.000,198.000,USD,1,,"{""MARCA"":[""PAY PAY""],""CATEGORIA"":[""Conservas""]}","[""Conservas""]",NULL,https://riba.app/imgrs/THUMBS%20500X500/277619.JPG,0,0,"[""88""]",198.000,2026-05-08 10:00:23
841004218855,SARDINAS EN TOMATE ,SARDINAS EN TOMATE ,SARDINAS EN TOMATE ,insert,1,https://riba.app/imgrs/THUMBS%20500X500/277618.JPG,tabs/detalle-producto/277618,198.000,198.000,198.000,USD,1,,"{""MARCA"":[""PAY PAY""],""CATEGORIA"":[""Conservas""]}","[""Conservas""]",NULL,https://riba.app/imgrs/THUMBS%20500X500/277618.JPG,0,0,"[""88""]",198.000,2026-05-08 10:00:23
841004218912,SARDINILLAS EN ACEITE DE OLIVA,SARDINILLAS EN ACEITE DE OLIVA,SARDINILLAS EN ACEITE DE OLIVA,insert,1,https://riba.app/imgrs/THUMBS%20500X500/277616.JPG,tabs/detalle-producto/277616,225.000,225.000,225.000,USD,1,,"{""MARCA"":[""PAY PAY""],""CATEGORIA"":[""Conservas""]}","[""Conservas""]",NULL,https://riba.app/imgrs/THUMBS%20500X500/277616.JPG,0,0,"[""88""]",225.000,2026-05-08 10:00:23
841009004387,ATUN LOMOS ACEITE OLIVA,ATUN LOMOS ACEITE OLIVA,ATUN LOMOS ACEITE OLIVA,insert,1,https://riba.app/imgrs/THUMBS%20500X500/123723.JPG,tabs/detalle-producto/123723,297.000,297.000,297.000,USD,1,,"{""MARCA"":[""CALVO""],""CATEGORIA"":[""Conservas""]}","[""Conservas""]",NULL,https://riba.app/imgrs/THUMBS%20500X500/123723.JPG,0,0,"[""88""]",297.000,2026-05-08 10:00:23
841009005108,ATUN ACEITE DE OLIVA BAJO SAL,ATUN ACEITE DE OLIVA BAJO SAL,ATUN ACEITE DE OLIVA BAJO SAL,insert,1,https://riba.app/imgrs/THUMBS%20500X500/160002.JPG,tabs/detalle-producto/160002,358.000,358.000,358.000,USD,1,,"{""MARCA"":[""CALVO""],""CATEGORIA"":[""Conservas""]}","[""Conservas""]",NULL,https://riba.app/imgrs/THUMBS%20500X500/160002.JPG,0,0,"[""88""]",358.000,2026-05-08 10:00:23
841009037542,ATUN CLARO AL NATURAL B SAL,ATUN CLARO AL NATURAL B SAL,ATUN CLARO AL NATURAL B SAL,insert,1,https://riba.app/imgrs/THUMBS%20500X500/78944.JPG,tabs/detalle-producto/78944,548.000,548.000,548.000,USD,1,,"{""MARCA"":[""CALVO""],""CATEGORIA"":[""Conservas""]}","[""Conservas""]",NULL,https://riba.app/imgrs/THUMBS%20500X500/78944.JPG,0,0,"[""88""]",548.000,2026-05-08 10:00:23
841009061063,ATUN CLARO AL NATURAL SIN ACEI,ATUN CLARO AL NATURAL SIN ACEI,ATUN CLARO AL NATURAL SIN ACEI,insert,1,https://riba.app/imgrs/THUMBS%20500X500/27107.JPG,tabs/detalle-producto/27107,548.000,548.000,548.000,USD,1,,"{""MARCA"":[""CALVO""],""CATEGORIA"":[""Conservas""]}","[""Conservas""]",NULL,https://riba.app/imgrs/THUMBS%20500X500/27107.JPG,0,0,"[""88""]",548.000,2026-05-08 10:00:23
841009066128,PATE ATUN CLARO ,PATE ATUN CLARO ,PATE ATUN CLARO ,insert,1,https://riba.app/imgrs/THUMBS%20500X500/160014.JPG,tabs/detalle-producto/160014,313.000,313.000,313.000,USD,1,,"{""MARCA"":[""CALVO""],""CATEGORIA"":[""Conservas""]}","[""Conservas""]",NULL,https://riba.app/imgrs/THUMBS%20500X500/160014.JPG,0,0,"[""88""]",313.000,2026-05-08 10:00:23
841009071054,MEJILLONES EN ESCABECHE,MEJILLONES EN ESCABECHE,MEJILLONES EN ESCABECHE,insert,1,https://riba.app/imgrs/THUMBS%20500X500/27113.JPG,tabs/detalle-producto/27113,257.000,257.000,257.000,USD,1,,"{""MARCA"":[""CALVO""],""CATEGORIA"":[""Conservas""]}","[""Conservas""]",NULL,https://riba.app/imgrs/THUMBS%20500X500/27113.JPG,0,0,"[""88""]",257.000,2026-05-08 10:00:23
841237011004,CALAMARES EN SU TINTA 50 115GR,CALAMARES EN SU TINTA 50 115GR,CALAMARES EN SU TINTA 50 115GR,insert,1,https://riba.app/imgrs/THUMBS%20500X500/15131.JPG,tabs/detalle-producto/15131,149.000,149.000,149.000,USD,1,,"{""MARCA"":[""ORBE""],""CATEGORIA"":[""Conservas""]}","[""Conservas""]",NULL,https://riba.app/imgrs/THUMBS%20500X500/15131.JPG,0,0,"[""88""]",149.000,2026-05-08 10:00:23
841237011008,CALAMARES RELLENOS EN TINTA,CALAMARES RELLENOS EN TINTA,CALAMARES RELLENOS EN TINTA,insert,1,https://riba.app/imgrs/THUMBS%20500X500/15132.JPG,tabs/detalle-producto/15132,317.000,317.000,317.000,USD,1,,"{""MARCA"":[""ORBE""],""CATEGORIA"":[""Conservas""]}","[""Conservas""]",NULL,https://riba.app/imgrs/THUMBS%20500X500/15132.JPG,0,0,"[""88""]",317.000,2026-05-08 10:00:23
841237022015,PULPO EN ACEITE VEGETAL,PULPO EN ACEITE VEGETAL,PULPO EN ACEITE VEGETAL,insert,1,https://riba.app/imgrs/THUMBS%20500X500/15137.JPG,tabs/detalle-producto/15137,255.000,255.000,255.000,USD,1,,"{""MARCA"":[""ORBE""],""CATEGORIA"":[""Conservas""]}","[""Conservas""]",NULL,https://riba.app/imgrs/THUMBS%20500X500/15137.JPG,0,0,"[""88""]",255.000,2026-05-08 10:00:23
841237022016,PULPO A LA  MARINERA,PULPO A LA  MARINERA,PULPO A LA  MARINERA,insert,1,https://riba.app/imgrs/THUMBS%20500X500/15138.JPG,tabs/detalle-producto/15138,254.000,254.000,254.000,USD,1,,"{""MARCA"":[""ORBE""],""CATEGORIA"":[""Conservas""]}","[""Conservas""]",NULL,https://riba.app/imgrs/THUMBS%20500X500/15138.JPG,0,0,"[""88""]",254.000,2026-05-08 10:00:23
841237022017,PULPO AL AJILLO ,PULPO AL AJILLO ,PULPO AL AJILLO ,insert,1,https://riba.app/imgrs/THUMBS%20500X500/15066.JPG,tabs/detalle-producto/15066,251.000,251.000,251.000,USD,1,,"{""MARCA"":[""ORBE""],""CATEGORIA"":[""Conservas""]}","[""Conservas""]",NULL,https://riba.app/imgrs/THUMBS%20500X500/15066.JPG,0,0,"[""88""]",251.000,2026-05-08 10:00:23
841237033020,SARDINAS EN ACEITE,SARDINAS EN ACEITE,SARDINAS EN ACEITE,insert,1,https://riba.app/imgrs/THUMBS%20500X500/15139.JPG,tabs/detalle-producto/15139,160.000,160.000,160.000,USD,1,,"{""MARCA"":[""ORBE""],""CATEGORIA"":[""Conservas""]}","[""Conservas""]",NULL,https://riba.app/imgrs/THUMBS%20500X500/15139.JPG,0,0,"[""88""]",160.000,2026-05-08 10:00:23
841237033022,SARDINAS EN TOMATE 50 125GR,SARDINAS EN TOMATE 50 125GR,SARDINAS EN TOMATE 50 125GR,insert,1,https://riba.app/imgrs/THUMBS%20500X500/15254.JPG,tabs/detalle-producto/15254,160.000,160.000,160.000,USD,1,,"{""MARCA"":[""ORBE""],""CATEGORIA"":[""Conservas""]}","[""Conservas""]",NULL,https://riba.app/imgrs/THUMBS%20500X500/15254.JPG,0,0,"[""88""]",160.000,2026-05-08 10:00:23
841237033024,SARDINAS EN ESCABECHE,SARDINAS EN ESCABECHE,SARDINAS EN ESCABECHE,insert,1,https://riba.app/imgrs/THUMBS%20500X500/15140.JPG,tabs/detalle-producto/15140,162.000,162.000,162.000,USD,1,,"{""MARCA"":[""ORBE""],""CATEGORIA"":[""Conservas""]}","[""Conservas""]",NULL,https://riba.app/imgrs/THUMBS%20500X500/15140.JPG,0,0,"[""88""]",162.000,2026-05-08 10:00:23
841237033025,SARDINAS EN ACEITE VEG PICANTE,SARDINAS EN ACEITE VEG PICANTE,SARDINAS EN ACEITE VEG PICANTE,insert,1,https://riba.app/imgrs/THUMBS%20500X500/15142.JPG,tabs/detalle-producto/15142,160.000,160.000,160.000,USD,1,,"{""MARCA"":[""ORBE""],""CATEGORIA"":[""Conservas""]}","[""Conservas""]",NULL,https://riba.app/imgrs/THUMBS%20500X500/15142.JPG,0,0,"[""88""]",160.000,2026-05-08 10:00:23
841237033027,SARDINAS EN ACEITE CON LIMON,SARDINAS EN ACEITE CON LIMON,SARDINAS EN ACEITE CON LIMON,insert,1,https://riba.app/imgrs/THUMBS%20500X500/15064.JPG,tabs/detalle-producto/15064,160.000,160.000,160.000,USD,1,,"{""MARCA"":[""ORBE""],""CATEGORIA"":[""Conservas""]}","[""Conservas""]",NULL,https://riba.app/imgrs/THUMBS%20500X500/15064.JPG,0,0,"[""88""]",160.000,2026-05-08 10:00:23
841237033028,SARDINAS A LA CAZUELA,SARDINAS A LA CAZUELA,SARDINAS A LA CAZUELA,insert,1,https://riba.app/imgrs/THUMBS%20500X500/15062.JPG,tabs/detalle-producto/15062,141.000,141.000,141.000,USD,1,,"{""MARCA"":[""ORBE""],""CATEGORIA"":[""Conservas""]}","[""Conservas""]",NULL,https://riba.app/imgrs/THUMBS%20500X500/15062.JPG,0,0,"[""88""]",141.000,2026-05-08 10:00:23
841237044041,MEJILLONE EN ESCABECHE PICANTE,MEJILLONE EN ESCABECHE PICANTE,MEJILLONE EN ESCABECHE PICANTE,insert,1,https://riba.app/imgrs/THUMBS%20500X500/15136.JPG,tabs/detalle-producto/15136,204.000,204.000,204.000,USD,1,,"{""MARCA"":[""ORBE""],""CATEGORIA"":[""Conservas""]}","[""Conservas""]",NULL,https://riba.app/imgrs/THUMBS%20500X500/15136.JPG,0,0,"[""88""]",204.000,2026-05-08 10:00:23
841237044042,MEJILLONES AL NATURAL ,MEJILLONES AL NATURAL ,MEJILLONES AL NATURAL ,insert,1,https://riba.app/imgrs/THUMBS%20500X500/15134.JPG,tabs/detalle-producto/15134,204.000,204.000,204.000,USD,1,,"{""MARCA"":[""ORBE""],""CATEGORIA"":[""Conservas""]}","[""Conservas""]",NULL,https://riba.app/imgrs/THUMBS%20500X500/15134.JPG,0,0,"[""88""]",204.000,2026-05-08 10:00:23
841237044043,MEJILLONE AL AJILLO ,MEJILLONE AL AJILLO ,MEJILLONE AL AJILLO ,insert,1,https://riba.app/imgrs/THUMBS%20500X500/15067.JPG,tabs/detalle-producto/15067,204.000,204.000,204.000,USD,1,,"{""MARCA"":[""ORBE""],""CATEGORIA"":[""Conservas""]}","[""Conservas""]",NULL,https://riba.app/imgrs/THUMBS%20500X500/15067.JPG,0,0,"[""88""]",204.000,2026-05-08 10:00:23
841237044044,MEJILLONES EN ESCABECHE,MEJILLONES EN ESCABECHE,MEJILLONES EN ESCABECHE,insert,1,https://riba.app/imgrs/THUMBS%20500X500/15135.JPG,tabs/detalle-producto/15135,204.000,204.000,204.000,USD,1,,"{""MARCA"":[""ORBE""],""CATEGORIA"":[""Conservas""]}","[""Conservas""]",NULL,https://riba.app/imgrs/THUMBS%20500X500/15135.JPG,0,0,"[""88""]",204.000,2026-05-08 10:00:23
841237055053,ATUN CLARO EN ACEITE VEGETAL,ATUN CLARO EN ACEITE VEGETAL,ATUN CLARO EN ACEITE VEGETAL,insert,1,https://riba.app/imgrs/THUMBS%20500X500/15128.JPG,tabs/detalle-producto/15128,174.000,174.000,174.000,USD,1,,"{""MARCA"":[""ORBE""],""CATEGORIA"":[""Conservas""]}","[""Conservas""]",NULL,https://riba.app/imgrs/THUMBS%20500X500/15128.JPG,0,0,"[""88""]",174.000,2026-05-08 10:00:23
841237066087,BERBERECHOS AL NATURAL,BERBERECHOS AL NATURAL,BERBERECHOS AL NATURAL,insert,1,https://riba.app/imgrs/THUMBS%20500X500/15130.JPG,tabs/detalle-producto/15130,432.000,432.000,432.000,USD,1,,"{""MARCA"":[""ORBE""],""CATEGORIA"":[""Conservas""]}","[""Conservas""]",NULL,https://riba.app/imgrs/THUMBS%20500X500/15130.JPG,0,0,"[""88""]",432.000,2026-05-08 10:00:23
841237077003,BACALAO A LA VIZCAINA ,BACALAO A LA VIZCAINA ,BACALAO A LA VIZCAINA ,insert,1,https://riba.app/imgrs/THUMBS%20500X500/15129.JPG,tabs/detalle-producto/15129,242.000,242.000,242.000,USD,1,,"{""MARCA"":[""ORBE""],""CATEGORIA"":[""Conservas""]}","[""Conservas""]",NULL,https://riba.app/imgrs/THUMBS%20500X500/15129.JPG,0,0,"[""88""]",242.000,2026-05-08 10:00:23
841361070166,MEJILLON ESCABECHE OLIVAS,MEJILLON ESCABECHE OLIVAS,MEJILLON ESCABECHE OLIVAS,insert,1,https://riba.app/imgrs/THUMBS%20500X500/258066.JPG,tabs/detalle-producto/258066,1.361.000,1.361.000,1.361.000,USD,1,,"{""MARCA"":[""CONSERVAS DE CAMBADOS""],""CATEGORIA"":[""Conservas""]}","[""Conservas""]",NULL,https://riba.app/imgrs/THUMBS%20500X500/258066.JPG,0,0,"[""88""]",1.361.000,2026-05-08 10:00:23
84223400166,GARDEIN FISHLESS FILET,GARDEIN FISHLESS FILET,GARDEIN FISHLESS FILET,insert,1,https://riba.app/imgrs/THUMBS%20500X500/306946.JPG,tabs/detalle-producto/306946,861.000,861.000,861.000,USD,1,,"{""MARCA"":[""GARDEIN""],""CATEGORIA"":[""Comidas Preparadas""]}","[""Comidas Preparadas""]",NULL,https://riba.app/imgrs/THUMBS%20500X500/306946.JPG,0,0,"[""91""]",861.000,2026-05-08 10:00:23
842593001006,ATUN CLARO EN ACEITE DE OLIVA,ATUN CLARO EN ACEITE DE OLIVA,ATUN CLARO EN ACEITE DE OLIVA,insert,1,https://riba.app/imgrs/THUMBS%20500X500/221917.JPG,tabs/detalle-producto/221917,592.000,592.000,592.000,USD,1,,"{""MARCA"":[""BAYMAR GOURMET""],""CATEGORIA"":[""Conservas""]}","[""Conservas""]",NULL,https://riba.app/imgrs/THUMBS%20500X500/221917.JPG,0,0,"[""88""]",592.000,2026-05-08 10:00:23
842593004001,BONITO DEL NORTE EN ACEITE OLI,BONITO DEL NORTE EN ACEITE OLI,BONITO DEL NORTE EN ACEITE OLI,insert,1,https://riba.app/imgrs/THUMBS%20500X500/221916.JPG,tabs/detalle-producto/221916,702.000,702.000,702.000,USD,1,,"{""MARCA"":[""BAYMAR GOURMET""],""CATEGORIA"":[""Conservas""]}","[""Conservas""]",NULL,https://riba.app/imgrs/THUMBS%20500X500/221916.JPG,0,0,"[""88""]",702.000,2026-05-08 10:00:23
842593011300,DELICIAS AL AJILLO,DELICIAS AL AJILLO,DELICIAS AL AJILLO,insert,1,https://riba.app/imgrs/THUMBS%20500X500/201479.JPG,tabs/detalle-producto/201479,245.000,245.000,245.000,USD,1,,"{""MARCA"":[""BAYMAR GOURMET""],""CATEGORIA"":[""Conservas""]}","[""Conservas""]",NULL,https://riba.app/imgrs/THUMBS%20500X500/201479.JPG,0,0,"[""88""]",245.000,2026-05-08 10:00:23
842593014202,BAYMAR GOURMET MEJILLONES ESCA,BAYMAR GOURMET MEJILLONES ESCA,BAYMAR GOURMET MEJILLONES ESCA,insert,1,https://riba.app/imgrs/THUMBS%20500X500/237117.JPG,tabs/detalle-producto/237117,285.000,285.000,285.000,USD,1,,"{""MARCA"":[""BAYMAR GOURMET""],""CATEGORIA"":[""Conservas""]}","[""Conservas""]",NULL,https://riba.app/imgrs/THUMBS%20500X500/237117.JPG,0,0,"[""88""]",285.000,2026-05-08 10:00:23
842593014208,ATUN CLARO EN ACEITE OLIVA,ATUN CLARO EN ACEITE OLIVA,ATUN CLARO EN ACEITE OLIVA,insert,1,https://riba.app/imgrs/THUMBS%20500X500/201476.JPG,tabs/detalle-producto/201476,235.000,235.000,235.000,USD,1,,"{""MARCA"":[""BAYMAR GOURMET""],""CATEGORIA"":[""Conservas""]}","[""Conservas""]",NULL,https://riba.app/imgrs/THUMBS%20500X500/201476.JPG,0,0,"[""88""]",235.000,2026-05-08 10:00:23
842593014209,BONITO DEL NORTE EN ACEITE OLI,BONITO DEL NORTE EN ACEITE OLI,BONITO DEL NORTE EN ACEITE OLI,insert,1,https://riba.app/imgrs/THUMBS%20500X500/201480.JPG,tabs/detalle-producto/201480,312.000,312.000,312.000,USD,1,,"{""MARCA"":[""BAYMAR GOURMET""],""CATEGORIA"":[""Conservas""]}","[""Conservas""]",NULL,https://riba.app/imgrs/THUMBS%20500X500/201480.JPG,0,0,"[""88""]",312.000,2026-05-08 10:00:23
842716330180,TINTA DE SEPIA ,TINTA DE SEPIA ,TINTA DE SEPIA ,insert,1,https://riba.app/imgrs/THUMBS%20500X500/290565.JPG,tabs/detalle-producto/290565,2.399.000,2.399.000,2.399.000,USD,1,,"{""MARCA"":[""NORTINDAL ""],""CATEGORIA"":[""Conservas""]}","[""Conservas""]",NULL,https://riba.app/imgrs/THUMBS%20500X500/290565.JPG,0,0,"[""88""]",2.399.000,2026-05-08 10:00:23
843601520361,CHIPIRONES RELLENOS ACEITE OLI,CHIPIRONES RELLENOS ACEITE OLI,CHIPIRONES RELLENOS ACEITE OLI,insert,1,https://riba.app/imgrs/THUMBS%20500X500/300349.JPG,tabs/detalle-producto/300349,1.318.000,1.318.000,1.318.000,USD,1,,"{""MARCA"":[""CONSERVAS DE CAMBADOS""],""CATEGORIA"":[""Conservas""]}","[""Conservas""]",NULL,https://riba.app/imgrs/THUMBS%20500X500/300349.JPG,0,0,"[""88""]",1.318.000,2026-05-08 10:00:23
843601520362,CHIPIRONES RELLENOS EN TINTA,CHIPIRONES RELLENOS EN TINTA,CHIPIRONES RELLENOS EN TINTA,insert,1,https://riba.app/imgrs/THUMBS%20500X500/283879.JPG,tabs/detalle-producto/283879,1.390.000,1.390.000,1.390.000,USD,1,,"{""MARCA"":[""CONSERVAS DE CAMBADOS""],""CATEGORIA"":[""Conservas""]}","[""Conservas""]",NULL,https://riba.app/imgrs/THUMBS%20500X500/283879.JPG,0,0,"[""88""]",1.390.000,2026-05-08 10:00:23
843601520381,BONITO FRESC BURELA EN ACEITE ,BONITO FRESC BURELA EN ACEITE ,BONITO FRESC BURELA EN ACEITE ,insert,1,https://riba.app/imgrs/THUMBS%20500X500/260151.JPG,tabs/detalle-producto/260151,794.000,794.000,794.000,USD,1,,"{""MARCA"":[""CONSERVAS DE CAMBADOS""],""CATEGORIA"":[""Conservas""]}","[""Conservas""]",NULL,https://riba.app/imgrs/THUMBS%20500X500/260151.JPG,0,0,"[""88""]",794.000,2026-05-08 10:00:23
843601520688,VENTRESCA BONITO BURELA ACEITE,VENTRESCA BONITO BURELA ACEITE,VENTRESCA BONITO BURELA ACEITE,insert,1,https://riba.app/imgrs/THUMBS%20500X500/260155.JPG,tabs/detalle-producto/260155,1.402.000,1.402.000,1.402.000,USD,1,,"{""MARCA"":[""CONSERVAS DE CAMBADOS""],""CATEGORIA"":[""Conservas""]}","[""Conservas""]",NULL,https://riba.app/imgrs/THUMBS%20500X500/260155.JPG,0,0,"[""88""]",1.402.000,2026-05-08 10:00:23
843601520714,CCANVADOS BONITO NORTE TOMATE,CCANVADOS BONITO NORTE TOMATE,CCANVADOS BONITO NORTE TOMATE,insert,1,https://riba.app/imgrs/THUMBS%20500X500/307280.JPG,tabs/detalle-producto/307280,657.000,657.000,657.000,USD,1,,"{""MARCA"":[""CONSERVAS DE CAMBADOS""],""CATEGORIA"":[""Conservas""]}","[""Conservas""]",NULL,https://riba.app/imgrs/THUMBS%20500X500/307280.JPG,0,0,"[""88""]",657.000,2026-05-08 10:00:23
843601520715,PULPO A LA GALLEGA,PULPO A LA GALLEGA,PULPO A LA GALLEGA,insert,1,https://riba.app/imgrs/THUMBS%20500X500/258072.JPG,tabs/detalle-producto/258072,1.059.000,1.059.000,1.059.000,USD,1,,"{""MARCA"":[""CONSERVAS DE CAMBADOS""],""CATEGORIA"":[""Conservas""]}","[""Conservas""]",NULL,https://riba.app/imgrs/THUMBS%20500X500/258072.JPG,0,0,"[""88""]",1.059.000,2026-05-08 10:00:23
843601520716,PULPO EN ACEITE DE OLIVA,PULPO EN ACEITE DE OLIVA,PULPO EN ACEITE DE OLIVA,insert,1,https://riba.app/imgrs/THUMBS%20500X500/258071.JPG,tabs/detalle-producto/258071,1.132.000,1.132.000,1.132.000,USD,1,,"{""MARCA"":[""CONSERVAS DE CAMBADOS""],""CATEGORIA"":[""Conservas""]}","[""Conservas""]",NULL,https://riba.app/imgrs/THUMBS%20500X500/258071.JPG,0,0,"[""88""]",1.132.000,2026-05-08 10:00:23
843601520744,SARDINA EN ACEITE OLIVA ,SARDINA EN ACEITE OLIVA ,SARDINA EN ACEITE OLIVA ,insert,1,https://riba.app/imgrs/THUMBS%20500X500/260153.JPG,tabs/detalle-producto/260153,937.000,937.000,937.000,USD,1,,"{""MARCA"":[""CONSERVAS DE CAMBADOS""],""CATEGORIA"":[""Conservas""]}","[""Conservas""]",NULL,https://riba.app/imgrs/THUMBS%20500X500/260153.JPG,0,0,"[""88""]",937.000,2026-05-08 10:00:23
843601520748,ATUN CLAR ACEITE OLIVA VENTRIS,ATUN CLAR ACEITE OLIVA VENTRIS,ATUN CLAR ACEITE OLIVA VENTRIS,insert,1,https://riba.app/imgrs/THUMBS%20500X500/260154.JPG,tabs/detalle-producto/260154,1.043.000,1.043.000,1.043.000,USD,1,,"{""MARCA"":[""CONSERVAS DE CAMBADOS""],""CATEGORIA"":[""Conservas""]}","[""Conservas""]",NULL,https://riba.app/imgrs/THUMBS%20500X500/260154.JPG,0,0,"[""88""]",1.043.000,2026-05-08 10:00:23
843601520767,DELICIAS DE ATUN ROJO,DELICIAS DE ATUN ROJO,DELICIAS DE ATUN ROJO,insert,1,https://riba.app/imgrs/THUMBS%20500X500/258068.JPG,tabs/detalle-producto/258068,1.477.000,1.477.000,1.477.000,USD,1,,"{""MARCA"":[""CONSERVAS DE CAMBADOS""],""CATEGORIA"":[""Conservas""]}","[""Conservas""]",NULL,https://riba.app/imgrs/THUMBS%20500X500/258068.JPG,0,0,"[""88""]",1.477.000,2026-05-08 10:00:23
843601520779,BERBERECHOS DE LA RIAS GALLEGA,BERBERECHOS DE LA RIAS GALLEGA,BERBERECHOS DE LA RIAS GALLEGA,insert,1,https://riba.app/imgrs/THUMBS%20500X500/283878.JPG,tabs/detalle-producto/283878,2.109.000,2.109.000,2.109.000,USD,1,,"{""MARCA"":[""CONSERVAS DE CAMBADOS""],""CATEGORIA"":[""Conservas""]}","[""Conservas""]",NULL,https://riba.app/imgrs/THUMBS%20500X500/283878.JPG,0,0,"[""88""]",2.109.000,2026-05-08 10:00:23
843601520792,SALMON EN ACEITE OLIVA,SALMON EN ACEITE OLIVA,SALMON EN ACEITE OLIVA,insert,1,https://riba.app/imgrs/THUMBS%20500X500/258069.JPG,tabs/detalle-producto/258069,1.455.000,1.455.000,1.455.000,USD,1,,"{""MARCA"":[""CONSERVAS DE CAMBADOS""],""CATEGORIA"":[""Conservas""]}","[""Conservas""]",NULL,https://riba.app/imgrs/THUMBS%20500X500/258069.JPG,0,0,"[""88""]",1.455.000,2026-05-08 10:00:23
843601520837,CHIRIPONES CONSERVA DE CAMBADO,CHIRIPONES CONSERVA DE CAMBADO,CHIRIPONES CONSERVA DE CAMBADO,insert,1,https://riba.app/imgrs/THUMBS%20500X500/301231.JPG,tabs/detalle-producto/301231,1.239.000,1.239.000,1.239.000,USD,1,,"{""MARCA"":[""CONSERVAS DE CAMBADOS""],""CATEGORIA"":[""Conservas""]}","[""Conservas""]",NULL,https://riba.app/imgrs/THUMBS%20500X500/301231.JPG,0,0,"[""88""]",1.239.000,2026-05-08 10:00:23
843601520854,VENTRESCA DE ATUN ROJO,VENTRESCA DE ATUN ROJO,VENTRESCA DE ATUN ROJO,insert,1,https://riba.app/imgrs/THUMBS%20500X500/322571.JPG,tabs/detalle-producto/322571,2.357.000,2.357.000,2.357.000,USD,1,,"{""MARCA"":[""CONSERVAS DE CAMBADOS""],""CATEGORIA"":[""Conservas""]}","[""Conservas""]",NULL,https://riba.app/imgrs/THUMBS%20500X500/322571.JPG,0,0,"[""88""]",2.357.000,2026-05-08 10:00:23
843601743148,CAMARON PRECOCIDO 16 20,CAMARON PRECOCIDO 16 20,CAMARON PRECOCIDO 16 20,insert,1,https://riba.app/imgrs/THUMBS%20500X500/327025.JPG,tabs/detalle-producto/327025,1.460.000,1.460.000,1.460.000,USD,1,,"{""MARCA"":[""VIMA""],""CATEGORIA"":[""Frutos Del Mar""]}","[""Frutos Del Mar""]",NULL,https://riba.app/imgrs/THUMBS%20500X500/327025.JPG,0,0,"[""102""]",1.460.000,2026-05-08 10:00:23
843601743149,CAMARON PRECOCIDO 21 25,CAMARON PRECOCIDO 21 25,CAMARON PRECOCIDO 21 25,insert,1,https://riba.app/imgrs/THUMBS%20500X500/327026.JPG,tabs/detalle-producto/327026,1.285.000,1.285.000,1.285.000,USD,1,,"{""MARCA"":[""VIMA""],""CATEGORIA"":[""Frutos Del Mar""]}","[""Frutos Del Mar""]",NULL,https://riba.app/imgrs/THUMBS%20500X500/327026.JPG,0,0,"[""102""]",1.285.000,2026-05-08 10:00:23
843601743150,CAMARON VIMA DE 31 40,CAMARON VIMA DE 31 40,CAMARON VIMA DE 31 40,insert,1,https://riba.app/imgrs/THUMBS%20500X500/346670.JPG,tabs/detalle-producto/346670,1.067.000,1.067.000,1.067.000,USD,1,,"{""MARCA"":[""VIMA""],""CATEGORIA"":[""Frutos Del Mar""]}","[""Frutos Del Mar""]",NULL,https://riba.app/imgrs/THUMBS%20500X500/346670.JPG,0,0,"[""102""]",1.067.000,2026-05-08 10:00:23
843601743199,CAMARONES VIMA DE 41 50,CAMARONES VIMA DE 41 50,CAMARONES VIMA DE 41 50,insert,1,https://riba.app/imgrs/THUMBS%20500X500/346681.JPG,tabs/detalle-producto/346681,954.000,954.000,954.000,USD,1,,"{""MARCA"":[""VIMA""],""CATEGORIA"":[""Frutos Del Mar""]}","[""Frutos Del Mar""]",NULL,https://riba.app/imgrs/THUMBS%20500X500/346681.JPG,0,0,"[""102""]",954.000,2026-05-08 10:00:23
843601743254,SALMON AHUMADO 100G VIMA FOODS,SALMON AHUMADO 100G VIMA FOODS,SALMON AHUMADO 100G VIMA FOODS,insert,1,https://riba.app/imgrs/THUMBS%20500X500/304155.JPG,tabs/detalle-producto/304155,544.000,544.000,544.000,USD,1,,"{""MARCA"":[""VIMA""],""CATEGORIA"":[""Pescados""]}","[""Pescados""]",NULL,https://riba.app/imgrs/THUMBS%20500X500/304155.JPG,0,0,"[""103""]",544.000,2026-05-08 10:00:23
843601743467,MEJILLON CONCHA DOYZIP,MEJILLON CONCHA DOYZIP,MEJILLON CONCHA DOYZIP,insert,1,https://riba.app/imgrs/THUMBS%20500X500/304152.JPG,tabs/detalle-producto/304152,451.000,451.000,451.000,USD,1,,"{""MARCA"":[""VIMA""],""CATEGORIA"":[""Frutos Del Mar""]}","[""Frutos Del Mar""]",NULL,https://riba.app/imgrs/THUMBS%20500X500/304152.JPG,0,0,"[""102""]",451.000,2026-05-08 10:00:23
843601743468,SALPICON MARISCOS DOYZIP VIMA,SALPICON MARISCOS DOYZIP VIMA,SALPICON MARISCOS DOYZIP VIMA,insert,1,https://riba.app/imgrs/THUMBS%20500X500/304153.JPG,tabs/detalle-producto/304153,434.000,434.000,434.000,USD,1,,"{""MARCA"":[""VIMA""],""CATEGORIA"":[""Frutos Del Mar""]}","[""Frutos Del Mar""]",NULL,https://riba.app/imgrs/THUMBS%20500X500/304153.JPG,0,0,"[""102""]",434.000,2026-05-08 10:00:23
843601743707,PATA DE PULPO COC 300 GR,PATA DE PULPO COC 300 GR,PATA DE PULPO COC 300 GR,insert,1,https://riba.app/imgrs/THUMBS%20500X500/316285.JPG,tabs/detalle-producto/316285,1.282.000,1.282.000,1.282.000,USD,1,,"{""MARCA"":[""VIMA""],""CATEGORIA"":[""Frutos Del Mar""]}","[""Frutos Del Mar""]",NULL,https://riba.app/imgrs/THUMBS%20500X500/316285.JPG,0,0,"[""102""]",1.282.000,2026-05-08 10:00:23
843601743942,CALAMAR ANILLA 454GR,CALAMAR ANILLA 454GR,CALAMAR ANILLA 454GR,insert,1,https://riba.app/imgrs/THUMBS%20500X500/316283.JPG,tabs/detalle-producto/316283,656.000,656.000,656.000,USD,1,,"{""MARCA"":[""VIMA""],""CATEGORIA"":[""Frutos Del Mar""]}","[""Frutos Del Mar""]",NULL,https://riba.app/imgrs/THUMBS%20500X500/316283.JPG,0,0,"[""102""]",656.000,2026-05-08 10:00:23
843601743960,MAHI PORCION 1 LBS DOYZIP VIMA,MAHI PORCION 1 LBS DOYZIP VIMA,MAHI PORCION 1 LBS DOYZIP VIMA,insert,1,https://riba.app/imgrs/THUMBS%20500X500/304154.JPG,tabs/detalle-producto/304154,591.000,591.000,591.000,USD,1,,"{""MARCA"":[""VIMA""],""CATEGORIA"":[""Pescados""]}","[""Pescados""]",NULL,https://riba.app/imgrs/THUMBS%20500X500/304154.JPG,0,0,"[""103""]",591.000,2026-05-08 10:00:23
843701658241,BERBERECHUS COMODORO,BERBERECHUS COMODORO,BERBERECHUS COMODORO,insert,1,https://riba.app/imgrs/THUMBS%20500X500/333160.JPG,tabs/detalle-producto/333160,262.000,262.000,262.000,USD,1,,"{""MARCA"":[""COMODORO ""],""CATEGORIA"":[""Conservas""]}","[""Conservas""]",NULL,https://riba.app/imgrs/THUMBS%20500X500/333160.JPG,0,0,"[""88""]",262.000,2026-05-08 10:00:23
843701658270,MEJILLONES EN ESCABECHE ,MEJILLONES EN ESCABECHE ,MEJILLONES EN ESCABECHE ,insert,1,https://riba.app/imgrs/THUMBS%20500X500/333161.JPG,tabs/detalle-producto/333161,361.000,361.000,361.000,USD,1,,"{""MARCA"":[""COMODORO ""],""CATEGORIA"":[""Conservas""]}","[""Conservas""]",NULL,https://riba.app/imgrs/THUMBS%20500X500/333161.JPG,0,0,"[""88""]",361.000,2026-05-08 10:00:23
843701658275,ANGULAS AL AJILLO,ANGULAS AL AJILLO,ANGULAS AL AJILLO,insert,1,https://riba.app/imgrs/THUMBS%20500X500/333167.JPG,tabs/detalle-producto/333167,442.000,442.000,442.000,USD,1,,"{""MARCA"":[""COMODORO ""],""CATEGORIA"":[""Conservas""]}","[""Conservas""]",NULL,https://riba.app/imgrs/THUMBS%20500X500/333167.JPG,0,0,"[""88""]",442.000,2026-05-08 10:00:23
843701658276,ANGULAS EN ACEITE AL PICANTE,ANGULAS EN ACEITE AL PICANTE,ANGULAS EN ACEITE AL PICANTE,insert,1,https://riba.app/imgrs/THUMBS%20500X500/333164.JPG,tabs/detalle-producto/333164,442.000,442.000,442.000,USD,1,,"{""MARCA"":[""COMODORO ""],""CATEGORIA"":[""Conservas""]}","[""Conservas""]",NULL,https://riba.app/imgrs/THUMBS%20500X500/333164.JPG,0,0,"[""88""]",442.000,2026-05-08 10:00:23
843701658280,BACALAO A LA VIZCAINA,BACALAO A LA VIZCAINA,BACALAO A LA VIZCAINA,insert,1,https://riba.app/imgrs/THUMBS%20500X500/333168.JPG,tabs/detalle-producto/333168,361.000,361.000,361.000,USD,1,,"{""MARCA"":[""COMODORO ""],""CATEGORIA"":[""Conservas""]}","[""Conservas""]",NULL,https://riba.app/imgrs/THUMBS%20500X500/333168.JPG,0,0,"[""88""]",361.000,2026-05-08 10:00:23
843701658290,MEJILLONES A LA GALLEGA ,MEJILLONES A LA GALLEGA ,MEJILLONES A LA GALLEGA ,insert,1,https://riba.app/imgrs/THUMBS%20500X500/333171.JPG,tabs/detalle-producto/333171,361.000,361.000,361.000,USD,1,,"{""MARCA"":[""COMODORO ""],""CATEGORIA"":[""Conservas""]}","[""Conservas""]",NULL,https://riba.app/imgrs/THUMBS%20500X500/333171.JPG,0,0,"[""88""]",361.000,2026-05-08 10:00:23
843701658291,MEJILLONES AL ESCABECHES,MEJILLONES AL ESCABECHES,MEJILLONES AL ESCABECHES,insert,1,https://riba.app/imgrs/THUMBS%20500X500/333183.JPG,tabs/detalle-producto/333183,361.000,361.000,361.000,USD,1,,"{""MARCA"":[""COMODORO ""],""CATEGORIA"":[""Conservas""]}","[""Conservas""]",NULL,https://riba.app/imgrs/THUMBS%20500X500/333183.JPG,0,0,"[""88""]",361.000,2026-05-08 10:00:23
843701658296,TENTACULOS AL HORNO,TENTACULOS AL HORNO,TENTACULOS AL HORNO,insert,1,https://riba.app/imgrs/THUMBS%20500X500/333180.JPG,tabs/detalle-producto/333180,361.000,361.000,361.000,USD,1,,"{""MARCA"":[""COMODORO ""],""CATEGORIA"":[""Conservas""]}","[""Conservas""]",NULL,https://riba.app/imgrs/THUMBS%20500X500/333180.JPG,0,0,"[""88""]",361.000,2026-05-08 10:00:23
843701658297,TENTACULOS AL AJILLO,TENTACULOS AL AJILLO,TENTACULOS AL AJILLO,insert,1,https://riba.app/imgrs/THUMBS%20500X500/333178.JPG,tabs/detalle-producto/333178,361.000,361.000,361.000,USD,1,,"{""MARCA"":[""COMODORO ""],""CATEGORIA"":[""Conservas""]}","[""Conservas""]",NULL,https://riba.app/imgrs/THUMBS%20500X500/333178.JPG,0,0,"[""88""]",361.000,2026-05-08 10:00:23
843701658298,TENTACULOS EN ACEITE,TENTACULOS EN ACEITE,TENTACULOS EN ACEITE,insert,1,https://riba.app/imgrs/THUMBS%20500X500/333163.JPG,tabs/detalle-producto/333163,361.000,361.000,361.000,USD,1,,"{""MARCA"":[""COMODORO ""],""CATEGORIA"":[""Conservas""]}","[""Conservas""]",NULL,https://riba.app/imgrs/THUMBS%20500X500/333163.JPG,0,0,"[""88""]",361.000,2026-05-08 10:00:23
843701658299,TENTACULOS A LA GALLEGA ,TENTACULOS A LA GALLEGA ,TENTACULOS A LA GALLEGA ,insert,1,https://riba.app/imgrs/THUMBS%20500X500/333176.JPG,tabs/detalle-producto/333176,361.000,361.000,361.000,USD,1,,"{""MARCA"":[""COMODORO ""],""CATEGORIA"":[""Conservas""]}","[""Conservas""]",NULL,https://riba.app/imgrs/THUMBS%20500X500/333176.JPG,0,0,"[""88""]",361.000,2026-05-08 10:00:23
8660000001,BB SOLID WHITE TUNA WATER 12OZ,BB SOLID WHITE TUNA WATER 12OZ,BB SOLID WHITE TUNA WATER 12OZ,insert,1,https://riba.app/imgrs/THUMBS%20500X500/44537.JPG,tabs/detalle-producto/44537,665.000,665.000,665.000,USD,1,,"{""MARCA"":[""BUMBLE BEE""],""CATEGORIA"":[""Conservas""]}","[""Conservas""]",NULL,https://riba.app/imgrs/THUMBS%20500X500/44537.JPG,0,0,"[""88""]",665.000,2026-05-08 10:00:23
8660000031,TUNA BUMBLE BEE AGUA 12 OZ,TUNA BUMBLE BEE AGUA 12 OZ,TUNA BUMBLE BEE AGUA 12 OZ,insert,1,https://riba.app/imgrs/THUMBS%20500X500/44538.JPG,tabs/detalle-producto/44538,433.000,433.000,433.000,USD,1,,"{""MARCA"":[""BUMBLE BEE""],""CATEGORIA"":[""Conservas""]}","[""Conservas""]",NULL,https://riba.app/imgrs/THUMBS%20500X500/44538.JPG,0,0,"[""88""]",433.000,2026-05-08 10:00:23
8660000690,BUMBLE BEE FLK TUNA CORN ,BUMBLE BEE FLK TUNA CORN ,BUMBLE BEE FLK TUNA CORN ,insert,1,https://riba.app/imgrs/THUMBS%20500X500/226459.JPG,tabs/detalle-producto/226459,183.000,183.000,183.000,USD,1,,"{""MARCA"":[""BUMBLE BEE""],""CATEGORIA"":[""Conservas""]}","[""Conservas""]",NULL,https://riba.app/imgrs/THUMBS%20500X500/226459.JPG,0,0,"[""88""]",183.000,2026-05-08 10:00:23
8660000827,TUNA CON VEGETALES,TUNA CON VEGETALES,TUNA CON VEGETALES,insert,1,https://riba.app/imgrs/THUMBS%20500X500/193515.JPG,tabs/detalle-producto/193515,149.000,149.000,149.000,USD,1,,"{""MARCA"":[""BUMBLE BEE""],""CATEGORIA"":[""Conservas""]}","[""Conservas""]",NULL,https://riba.app/imgrs/THUMBS%20500X500/193515.JPG,0,0,"[""88""]",149.000,2026-05-08 10:00:23
8660000832,ATUN EN TROZOS 3PK EN AGUA ,ATUN EN TROZOS 3PK EN AGUA ,ATUN EN TROZOS 3PK EN AGUA ,insert,1,https://riba.app/imgrs/THUMBS%20500X500/336807.JPG,tabs/detalle-producto/336807,503.000,503.000,503.000,USD,1,,"{""MARCA"":[""BUMBLE BEE""],""CATEGORIA"":[""Conservas""]}","[""Conservas""]",NULL,https://riba.app/imgrs/THUMBS%20500X500/336807.JPG,0,0,"[""88""]",503.000,2026-05-08 10:00:23
8660000847,3PACK DE TUNA CON VEGETALES BB,3PACK DE TUNA CON VEGETALES BB,3PACK DE TUNA CON VEGETALES BB,insert,1,https://riba.app/imgrs/THUMBS%20500X500/346615.JPG,tabs/detalle-producto/346615,347.000,347.000,347.000,USD,1,,"{""MARCA"":[""BUMBLE BEE""],""CATEGORIA"":[""Conservas""]}","[""Conservas""]",NULL,https://riba.app/imgrs/THUMBS%20500X500/346615.JPG,0,0,"[""88""]",347.000,2026-05-08 10:00:23
8660000850,LIGHT MEAT FLAKED TUNA OIL 48 ,LIGHT MEAT FLAKED TUNA OIL 48 ,LIGHT MEAT FLAKED TUNA OIL 48 ,insert,1,https://riba.app/imgrs/THUMBS%20500X500/78050.JPG,tabs/detalle-producto/78050,141.000,141.000,141.000,USD,1,,"{""MARCA"":[""BUMBLE BEE""],""CATEGORIA"":[""Conservas""]}","[""Conservas""]",NULL,https://riba.app/imgrs/THUMBS%20500X500/78050.JPG,0,0,"[""88""]",141.000,2026-05-08 10:00:23
8660000857,ATUN DESMENUZADO EN AGUA,ATUN DESMENUZADO EN AGUA,ATUN DESMENUZADO EN AGUA,insert,1,https://riba.app/imgrs/THUMBS%20500X500/117832.JPG,tabs/detalle-producto/117832,139.000,139.000,139.000,USD,1,,"{""MARCA"":[""BUMBLE BEE""],""CATEGORIA"":[""Conservas""]}","[""Conservas""]",NULL,https://riba.app/imgrs/THUMBS%20500X500/117832.JPG,0,0,"[""88""]",139.000,2026-05-08 10:00:23
8660000896,ATUN EN ACEITE VEG & TROZOS  D,ATUN EN ACEITE VEG & TROZOS  D,ATUN EN ACEITE VEG & TROZOS  D,insert,1,https://riba.app/imgrs/THUMBS%20500X500/1074.JPG,tabs/detalle-producto/1074,185.000,185.000,185.000,USD,1,,"{""MARCA"":[""BUMBLE BEE""],""CATEGORIA"":[""Conservas""]}","[""Conservas""]",NULL,https://riba.app/imgrs/THUMBS%20500X500/1074.JPG,0,0,"[""88""]",185.000,2026-05-08 10:00:23
8660000897,ATUN EN AGUA & TROZOS DIETA,ATUN EN AGUA & TROZOS DIETA,ATUN EN AGUA & TROZOS DIETA,insert,1,https://riba.app/imgrs/THUMBS%20500X500/2497.JPG,tabs/detalle-producto/2497,185.000,185.000,185.000,USD,1,,"{""MARCA"":[""BUMBLE BEE""],""CATEGORIA"":[""Conservas""]}","[""Conservas""]",NULL,https://riba.app/imgrs/THUMBS%20500X500/2497.JPG,0,0,"[""88""]",185.000,2026-05-08 10:00:23
8660000898,ATUN EN TORZOS 3PK EN ACEITE,ATUN EN TORZOS 3PK EN ACEITE,ATUN EN TORZOS 3PK EN ACEITE,insert,1,https://riba.app/imgrs/THUMBS%20500X500/336808.JPG,tabs/detalle-producto/336808,503.000,503.000,503.000,USD,1,,"{""MARCA"":[""BUMBLE BEE""],""CATEGORIA"":[""Conservas""]}","[""Conservas""]",NULL,https://riba.app/imgrs/THUMBS%20500X500/336808.JPG,0,0,"[""88""]",503.000,2026-05-08 10:00:23
8660010151,SOLID WHITE TUNA OIL 9 OZ,SOLID WHITE TUNA OIL 9 OZ,SOLID WHITE TUNA OIL 9 OZ,insert,1,https://riba.app/imgrs/THUMBS%20500X500/44535.JPG,tabs/detalle-producto/44535,573.000,573.000,573.000,USD,1,,"{""MARCA"":[""BUMBLE BEE""],""CATEGORIA"":[""Conservas""]}","[""Conservas""]",NULL,https://riba.app/imgrs/THUMBS%20500X500/44535.JPG,0,0,"[""88""]",573.000,2026-05-08 10:00:23
8660010251,BB SOLID WHITE TUNA WATER 9 OZ,BB SOLID WHITE TUNA WATER 9 OZ,BB SOLID WHITE TUNA WATER 9 OZ,insert,1,https://riba.app/imgrs/THUMBS%20500X500/2506.JPG,tabs/detalle-producto/2506,560.000,560.000,560.000,USD,1,,"{""MARCA"":[""BUMBLE BEE""],""CATEGORIA"":[""Conservas""]}","[""Conservas""]",NULL,https://riba.app/imgrs/THUMBS%20500X500/2506.JPG,0,0,"[""88""]",560.000,2026-05-08 10:00:23
8660011351,BB CHUNK LIGHT TUNA 3PACK,BB CHUNK LIGHT TUNA 3PACK,BB CHUNK LIGHT TUNA 3PACK,insert,1,https://riba.app/imgrs/THUMBS%20500X500/117667.JPG,tabs/detalle-producto/117667,484.000,484.000,484.000,USD,1,,"{""MARCA"":[""BUMBLE BEE""],""CATEGORIA"":[""Conservas""]}","[""Conservas""]",NULL,https://riba.app/imgrs/THUMBS%20500X500/117667.JPG,0,0,"[""88""]",484.000,2026-05-08 10:00:23
8660024001,BB PREM LIGH TUNA WATER,BB PREM LIGH TUNA WATER,BB PREM LIGH TUNA WATER,insert,1,https://riba.app/imgrs/THUMBS%20500X500/197805.JPG,tabs/detalle-producto/197805,196.000,196.000,196.000,USD,1,,"{""MARCA"":[""BUMBLE BEE""],""CATEGORIA"":[""Conservas""]}","[""Conservas""]",NULL,https://riba.app/imgrs/THUMBS%20500X500/197805.JPG,0,0,"[""88""]",196.000,2026-05-08 10:00:23
8660024011,BB POUCH ALBACORE TUNA WATER,BB POUCH ALBACORE TUNA WATER,BB POUCH ALBACORE TUNA WATER,insert,1,https://riba.app/imgrs/THUMBS%20500X500/164835.JPG,tabs/detalle-producto/164835,281.000,281.000,281.000,USD,1,,"{""MARCA"":[""BUMBLE BEE""],""CATEGORIA"":[""Conservas""]}","[""Conservas""]",NULL,https://riba.app/imgrs/THUMBS%20500X500/164835.JPG,0,0,"[""88""]",281.000,2026-05-08 10:00:23
8660070033,BUMBLE BEE FANCY SMOKED OYSTER,BUMBLE BEE FANCY SMOKED OYSTER,BUMBLE BEE FANCY SMOKED OYSTER,insert,1,https://riba.app/imgrs/THUMBS%20500X500/151351.JPG,tabs/detalle-producto/151351,430.000,430.000,430.000,USD,1,,"{""MARCA"":[""BUMBLE BEE""],""CATEGORIA"":[""Conservas""]}","[""Conservas""]",NULL,https://riba.app/imgrs/THUMBS%20500X500/151351.JPG,0,0,"[""88""]",430.000,2026-05-08 10:00:23
8660070777,BB RTE TUNA SALAD REG 3 5 OZ,BB RTE TUNA SALAD REG 3 5 OZ,BB RTE TUNA SALAD REG 3 5 OZ,insert,1,https://riba.app/imgrs/THUMBS%20500X500/44540.JPG,tabs/detalle-producto/44540,292.000,292.000,292.000,USD,1,,"{""MARCA"":[""BUMBLE BEE""],""CATEGORIA"":[""Conservas""]}","[""Conservas""]",NULL,https://riba.app/imgrs/THUMBS%20500X500/44540.JPG,0,0,"[""88""]",292.000,2026-05-08 10:00:23
8660070888,BB RTE TUNA SALAD FAT FREE 3 5,BB RTE TUNA SALAD FAT FREE 3 5,BB RTE TUNA SALAD FAT FREE 3 5,insert,1,https://riba.app/imgrs/THUMBS%20500X500/44541.JPG,tabs/detalle-producto/44541,292.000,292.000,292.000,USD,1,,"{""MARCA"":[""BUMBLE BEE""],""CATEGORIA"":[""Conservas""]}","[""Conservas""]",NULL,https://riba.app/imgrs/THUMBS%20500X500/44541.JPG,0,0,"[""88""]",292.000,2026-05-08 10:00:23
8660075182,SARDINAS EN SALSA DE TOMATE,SARDINAS EN SALSA DE TOMATE,SARDINAS EN SALSA DE TOMATE,insert,1,https://riba.app/imgrs/THUMBS%20500X500/216986.JPG,tabs/detalle-producto/216986,60.000,60.000,60.000,USD,1,,"{""MARCA"":[""BUMBLE BEE""],""CATEGORIA"":[""Conservas""]}","[""Conservas""]",NULL,https://riba.app/imgrs/THUMBS%20500X500/216986.JPG,0,0,"[""88""]",60.000,2026-05-08 10:00:23
8660075183,SARDINA EN TOMATE PICANTE,SARDINA EN TOMATE PICANTE,SARDINA EN TOMATE PICANTE,insert,1,https://riba.app/imgrs/THUMBS%20500X500/350595.JPG,tabs/detalle-producto/350595,84.000,84.000,84.000,USD,1,,"{""MARCA"":[""BUMBLE BEE""],""CATEGORIA"":[""Conservas""]}","[""Conservas""]",NULL,https://riba.app/imgrs/THUMBS%20500X500/350595.JPG,0,0,"[""88""]",84.000,2026-05-08 10:00:23
99892700105,ST. JAMES SMOKED SALMON,ST. JAMES SMOKED SALMON,ST. JAMES SMOKED SALMON,insert,1,https://riba.app/imgrs/THUMBS%20500X500/349994.JPG,tabs/detalle-producto/349994,1.645.000,1.645.000,1.645.000,USD,1,,"{""MARCA"":[""ST. JAMES""],""CATEGORIA"":[""Pescados""]}","[""Pescados""]",NULL,https://riba.app/imgrs/THUMBS%20500X500/349994.JPG,0,0,"[""103""]",1.645.000,2026-05-08 10:00:23